rent_1;Nombre;ImportFile_CustomDelayToBuy;Dias_depl_reemb;ISIN;Gestora;Inv_minima_inicial;1_Day_Return;1_Week_Return;rent_1_mes;rent_3_meses;rent_6_meses;rent_en_el_anio;rent_3_anios;rent_5_anios;rent_10_anios;Estilo_inversion_RV;Estilo_inversion_ RF;Capitaliz_media_bursatil;Patrimonio;Morningstar_Rating;Volatilidad_3;Sharpe_ 3;Ratio_de_informacion;Media_3;Com_Gestion;ImportFile_CustomBuyFee2;Com_Suscripcion;Com_deposito
27,22;Merch-Oportunidades FI;0;2;ES0162305033;Merchbanc SGIIC;0;2,18;8,04;9,17;6,41;12,89;36,53;3,91;4,09;4,5;1;;19759,98866;4,97245;3;18,04;0,2;-0,37;0,3;1,25;0;0;0,1
24,65;Renta 4 Latinoamérica FI;0;1;ES0173320039;Renta 4 Gestora SGIIC;10;-3,31;0,38;4,67;8,91;25,84;37,48;-2,59;-2,72;1,78;1;;9358,14922;2,24107;3;25,01;0,04;-0,19;0,08;1,35;0;0;0,12
21,19;Santander Acciones Latinoamericanas FI;0;0;ES0105930038;Santander Asset Management SGIIC;3000;-3,39;0,3;3,8;3,76;22,82;30,12;-0,27;-2,38;-0,24;2;;10096,46282;24,14945;3;20,13;0,1;-0,12;0,16;2,25;0;0;0,1
20,95;BBVA Bolsa Latam FI;0;1;ES0142332032;BBVA Asset Management SGIIC;600;-2,54;2,96;5,08;3,71;23,45;30,02;0,03;-1,27;0,8;2;;10984,28248;20,20589;3;20,53;0,08;-0,13;0,14;2,25;0;0;0,2
17,2;Eurovalor Iberoamérica FI;0;2;ES0133576035;Allianz Popular Asset Management SGIIC;600;-1,79;1,52;3,03;2,44;19,41;29,19;-2,07;-2,51;0,97;2;;11387,81882;5,29536;3;19,63;-0,03;-0,45;-0,05;1,35;0;0;0,15
11,08;Global Allocation FI;1;1;ES0116848005;Renta 4 Gestora SGIIC;10;2,01;4,45;6,3;12,1;3,53;10,97;10,23;15,53;9,18;1;;30409,99446;46,21474;5;18,44;0,57;0,03;0,87;1,35;0;0;0,15
10,99;Magallanes Iberian Equity M FI;0;1;ES0159201013;Magallanes Value Investors SGIIC;1;-0,13;0,66;0,92;-0,86;6,19;7,86;;;;7;;1214,89635;85,58255;;;;;;1,75;0;0;0,07
9,56;True Value FI;0;1;ES0180792006;Renta 4 Gestora SGIIC;10;0;1,29;3,65;6,57;10,5;9,73;;;;9;;401,70816;15,07373;;;;;;1,35;0;0;0,1
8,78;Renta 4 USA FI;0;1;ES0173364037;Renta 4 Gestora SGIIC;10;0,24;2,29;2,26;0,44;7,83;10,91;12,96;15,04;;2;;61885,18902;12,54029;3;12,56;1,09;-0,7;1,13;1,5;0;0;0,12
8,76;Panda Agriculture & Water Fund FI;0;1;ES0114633003;Gesiuris Asset Management SGIIC;0;0,96;3,94;3,48;4,03;9,8;10,52;5,77;;;7;;1149,59132;4,72011;3;12,01;0,51;-0,56;0,51;1,9;0;0;0,1
7,58;Fonvalcem A FI;0;3;ES0138930039;Andbank Wealth Management SGIIC;200000;-0,06;-0,29;-1,21;5,08;8,29;6,81;2,97;8,24;;8;;911,82852;9,33825;4;9,9;0,45;-0,08;0,37;0,5;0;0;0,15
7,36;Trea Rentas Emergentes FI;0;3;ES0105298006;Trea Asset Management SGIIC;0;-0,26;-0,28;-0,33;1,6;6,04;12,16;;;;;;;15,50538;;;;;;1,38;0;0;0,1
7,16;BBVA Bonos 2024 FI;0;1;ES0119176008;BBVA Asset Management SGIIC;600;-0,12;-0,37;-1,07;-0,62;2,92;5,29;;;;;;;90,78875;;;;;;0,95;0;0;0,05
7,04;Fonvalcem B FI;0;3;ES0138930005;Andbank Wealth Management SGIIC;1;-0,06;-0,3;-1,25;4,95;8,02;6,35;;;;8;;911,82852;9,33825;;;;;;1;0;0;0,15
6,66;Intervalor Bolsa Mixto FI;0;2;ES0155853031;Gesinter SGIIC;5;0,1;1,46;1,44;4,55;8,55;10,22;5,78;7,77;0,85;1;;10783,95699;6,39283;3;9,72;0,6;0,02;0,48;1,35;0;0;0,1
6,41;Mutuafondo Bolsas Emergentes D FI;0;2;ES0175805003;Mutuactivos SGIIC;10;-0,95;0,06;-1,93;-0,83;13,84;11,91;2,85;3,97;;2;;6457,32773;30,07344;3;13,69;0,3;-0,38;0,34;1,5;0;0;0,02
5,34;Xenia Flexible FI;0;3;ES0105312005;Inversis Gestión SGIIC;0;-0,31;-1,31;1,23;-3,67;-2,3;4,51;-0,88;-0,19;;5;;4536,90102;3,92839;1;6,9;-0,07;-0,89;-0,04;1,5;0;0;0,12
5,19;Renta 4 Retorno Dinámico FI;0;1;ES0128521004;Renta 4 Gestora SGIIC;10;-0,1;-0,16;0,58;0,58;4,65;5,3;2,54;2,31;;5;;3724,89097;6,01655;;4,81;0,57;;0,23;0,25;0;0;0,1
5,15;Quality Selección Emergentes FI;0;2;ES0172262000;BBVA Asset Management SGIIC;600;0,1;0;0,07;0,07;9,06;9,61;2,54;2,37;;2;9;24142,75194;10,29398;3;9,56;0,33;-1,35;0,26;1,35;0;0;0,2
5,11;Eurovalor Bonos Emergentes FI;0;2;ES0133486003;Allianz Popular Asset Management SGIIC;600;-0,11;0,88;0,12;0,04;5,96;8,06;3,45;3,26;;;;;6,345;2;5,33;0,65;-1,99;0,28;1,3;0;0;0,1
5,04;Santander Renta Fija Latinoamérica FI;0;1;ES0121772034;Santander Asset Management SGIIC;20000;0,6;1,32;1,91;2,26;8,94;9,61;5,8;4,58;3,6;;;;12,24555;;7,84;0,7;;0,45;1,15;0;0;0,1
4,92;Gestión Boutique Bissan Value FI;0;3;ES0116831001;Andbank Wealth Management SGIIC;10;-0,4;-1,99;-1,77;-3,42;9,88;4,35;3,4;;;7;;430,47553;3,1815;4;11,15;0,48;-0,47;0,44;1;0;0;0,1
4,91;Renta 4 Valor Relativo FI;0;1;ES0128522002;Renta 4 Gestora SGIIC;10;0,03;-0,02;0,21;0,83;3,25;5,73;5,64;5,88;;;;;29,80777;;4,28;1,36;;0,48;1,25;0;0;0,1
4,81;Metavalor FI;0;1;ES0162735031;Metagestión SGIIC;60;0,47;1,18;0,43;1,05;5,37;3,49;12,39;12,99;3,17;7;;1034,74161;36,93069;5;11,79;1,08;1,21;1,06;2;0;0;0,08
4,63;Eurovalor Bonos Alto Rendimiento FI;0;2;ES0133478034;Allianz Popular Asset Management SGIIC;600;-0,09;-0,1;-0,41;0,48;4,21;7,57;1,89;4,99;5,29;2;;20817,78571;3,5562;3;4,33;0,51;-1,35;0,18;1,3;0;0;0,1
4,56;Bankinter Índice América FI;0;1;ES0114763032;Bankinter Gestión de Activos SGIIC;600;0,36;4,23;0,63;0,21;4,91;6,49;8,68;13,52;5,53;2;;69676,564;93,19217;2;10,64;0,8;-1,04;0,71;1;0;0;0,1
4,53;March Global FI;0;2;ES0160982031;March Asset Management SGIIC;0;0,42;2,74;-0,04;1,66;8,05;8,3;5,52;8,27;3,62;2;;10600,85041;40,70975;3;11,76;0,51;-1,01;0,5;2,15;0;0;0,2
4,42;Argos Capital FI;0;1;ES0110194000;Renta 4 Gestora SGIIC;0;0,79;3,11;0,69;2,84;12,59;13,08;4,17;6,83;;4;;6058,49301;6,5515;4;10,58;0,3;-0,41;0,26;1,5;0;0;0,1
4,34;Mutuafondo High Yield D FI;0;2;ES0165238009;Mutuactivos SGIIC;10;-0,19;0,06;-0,39;0,44;4,53;7,15;2,74;5,55;;1;8;15228,15572;104,60654;3;4,33;0,71;-0,84;0,25;1;0;0;0,02
4,18;Magallanes European Equity M FI;0;3;ES0159259011;Magallanes Value Investors SGIIC;1;0,64;1,57;1,59;2,09;7,92;6,54;;;;4;;2248,9254;186,50399;;;;;;1,75;0;0;0,07
4,12;Bankinter Renta Fija Coral Garantizado FI;0;1;ES0162940037;Bankinter Gestión de Activos SGIIC;500;-0,27;-0,48;-1,52;-2,22;0,81;2,61;;;;;;;20,28287;;;;;;0,5;0;5;0,1
3,89;Eurovalor RV Emergentes Global FI;0;3;ES0133561037;Allianz Popular Asset Management SGIIC;600;-0,29;1,01;-1,33;-0,79;14,47;10,3;4,37;3,95;1,65;2;;13916,12851;5,41103;3;14,06;0,38;-0,26;0,44;1,9;0;0;0,1
3,83;Renta 4 Activos Globales FI;0;1;ES0173286032;Renta 4 Gestora SGIIC;10;-0,14;0,22;-0,2;0,53;3,01;5,91;4,43;4,27;0,52;2;;13733,90918;3,32463;3;5,01;0,95;-1;0,39;0,85;0;0;0,1
3,78;Arcano European Income Fund D1 FIL;0;0;ES0109924029;Arcano Capital SGIIC;125000;0,26;0,26;0,54;1,21;2,08;3,72;5,18;6,1;;;;;;;2,15;2,4;;0,42;0,5;0;0;0,06
3,78;Arcano European Income Fund A1 FIL;0;0;ES0109924003;Arcano Capital SGIIC;125000;0,26;0,26;0,54;1,21;2,09;3,72;5,18;6,11;;;;;;;2,15;2,4;;0,42;0,5;0;0;0,06
3,71;Belgravia Epsilon FI;0;1;ES0114353032;Belgravia Capital SGIIC;1000;-0,74;-0,94;-0,65;-0,57;2,76;1,38;11,44;12,41;6,27;5;;6064,65341;124,21038;5;6,94;1,66;1,24;0,96;1,25;0;0;0
3,7;Mutuafondo Bonos Corporativos Emergentes D FI;0;1;ES0164985014;Mutuactivos SGIIC;10;0;-0,21;-0,13;0,45;2,89;6,24;;;;;;;91,76611;;;;;;0;1,5;3;0
3,49;Fixed Income Asset Allocation Fund FI;0;3;ES0170893038;Renta 4 Gestora SGIIC;10;0;-0,04;-0,13;0,45;1,75;4,06;2,1;4,88;;4;7;;7,06344;3;2,06;1,06;-0,58;0,18;1,35;0;0;0,08
3,48;BBVA Bonos 2021 FI;0;1;ES0159146002;BBVA Asset Management SGIIC;600;-0,06;-0,13;-0,42;-0,52;1,05;2,56;6,45;;;;;;71,61465;;3,66;1,74;;0,52;0,95;0;0;0,05
3,45;BBVA Bolsa Emergentes MF FI;0;2;ES0110116037;BBVA Asset Management SGIIC;600;0,79;-0,55;0,3;1,17;15,07;9,88;4,45;4,55;2,8;2;;12787,36108;41,49983;4;12,91;0,4;-0,21;0,43;1,35;0;0;0,15
3,44;Caja Ingenieros Emergentes FI;2;2;ES0109221038;Caja Ingenieros Gestión SGIIC;500;-1,34;0,08;-4,79;-1,67;9,27;6,83;3,6;4,2;1,93;3;;23967,53717;17,79666;3;13,99;0,38;-0,14;0,44;1,35;0;0;0,2
3,18;Metavalor Internacional FI;0;1;ES0162757035;Metagestión SGIIC;60;1,17;3,42;1,24;3,35;9,49;4,15;12,27;;;5;;2605,90534;29,41458;5;13,02;1;0,17;1,08;2;0;0;0,08
3,13;BBVA Bolsa Tecnología y Telecomunicaciones FI;0;1;ES0147711032;BBVA Asset Management SGIIC;600;0,32;2,05;0,58;-0,3;13,91;5,62;14,14;13,51;5,76;2;;113363,7019;158,82165;3;13,62;1,1;-1,97;1,24;2,25;0;0;0,2
3,04;Fonmarch FI;0;2;ES0138841038;March Asset Management SGIIC;0;-0,12;-0,24;-0,22;-0,47;1,79;3,57;3,07;3,81;2,2;7;8;;161,35489;5;2,7;1,2;0,89;0,27;1;0;0;0
2,87;Avance Global A FI;0;3;ES0112340031;Alpha Plus Gestora SGIIC;3000000;-0,12;0,99;2,21;2,68;7,21;7,11;3,96;6,95;3,21;4;;8008,27225;73,45506;4;6,54;0,63;-1,25;0,34;0,8;0;0;0,15
2,8;Renta 4 Renta Fija Corto Plazo FI;0;1;ES0176954008;Renta 4 Gestora SGIIC;0;0,01;-0,06;-0,01;0,16;1,53;3,16;2,41;;;;;;38,51697;5;1,92;1,45;0,97;0,23;0,6;0;0;0,1
2,78;Eurovalor Bonos Euro Largo Plazo FI;0;1;ES0133479032;Allianz Popular Asset Management SGIIC;600;-0,13;-0,36;-0,84;-1,29;1,53;2,61;4,22;5,09;3,98;;;;139,85825;4;3,4;1,3;-0,44;0,36;1;0;0;0,1
2,76;Merchfondo FI;0;2;ES0162332037;Merchbanc SGIIC;0;2,96;16,79;11,65;18,86;34,85;14,37;11,64;23,15;8,01;3;;14570,69342;62,83214;3;21,05;0,46;-0,32;0,81;1,35;0;0;0,1
2,76;Renta 4 Nexus FI;0;1;ES0173268006;Renta 4 Gestora SGIIC;10;-0,11;-0,14;-0,42;1,54;3,06;4,4;3,64;6,03;;1;;9211,67642;165,17187;4;6,43;0,62;-0,28;0,33;1;0;0;0,1
2,69;Amundi Fondtesoro Largo Plazo FI;0;1;ES0126531039;Amundi Iberia SGIIC;0;-0,4;-0,54;-0,97;-1,18;0,76;1,97;3,75;5,78;3,97;;;;17,87231;3;2,96;1,36;-0,96;0,33;0,55;0;0;0,02
2,66;Santander Renta Fija Privada FI;0;1;ES0175164039;Santander Asset Management SGIIC;300;-0,08;-0,29;-0,82;-1,38;0,62;2,66;2,76;4,04;2,65;;;;583,84052;2;2,63;1,09;-1,93;0,23;1,4;0;0;0,1
2,63;Santander Renta Fija B FI;0;1;ES0146133030;Santander Asset Management SGIIC;60000;-0,06;-0,18;-0,64;-0,8;0,91;1,89;3,94;5,06;2,71;;;;1447,49647;3;2,79;1,45;-0,81;0,33;1,2;0;0;0,1
2,6;NB Renta Fija Largo FI;0;1;ES0168662031;Novo Banco Gestión SGIIC;10;-0,23;-0,55;-0,96;-1,86;1,2;2,78;3,1;4,88;3,69;;;;10,8589;3;3,44;0,99;-0,81;0,28;1,2;0;0;0,05
2,59;BBVA Bonos España Largo Plazo FI;0;1;ES0113465001;BBVA Asset Management SGIIC;10000;-0,05;-0,07;-0,38;-0,45;0,43;1,62;4,01;;;;;;103,77051;3;2,93;1,4;-0,86;0,33;0,75;0;0;0,05
2,58;Renta 4 Pegasus FI;0;1;ES0173321003;Renta 4 Gestora SGIIC;10;-0,06;-0,25;-0,37;0,98;1,43;3,64;2,3;3,92;;1;;8859,1517;337,98609;3;2,7;0,95;-0,7;0,21;1;0;0;0,1
2,48;Bankinter Renta Fija Iris Garantizado FI;0;1;ES0114874037;Bankinter Gestión de Activos SGIIC;500;-0,06;-0,17;-0,98;-1,71;-0,22;1,52;;;;;;;19,46524;;;;;;0,5;0;5;0,1
2,43;Bankinter Renta Fija Cristal Garantizado FI;0;2;ES0130355003;Bankinter Gestión de Activos SGIIC;500;-0,06;-0,17;-0,97;-1,71;-0,23;1,48;;;;;;;20,17529;;;;;;0,5;0;5;0,1
2,38;Aviva Fonvalor Euro B FI;0;2;ES0170136032;Aviva Gestión SGIIC;1000;0,1;1,02;0,67;2,05;6,22;3,73;7,85;12,43;;1;;8544,60672;149,15934;5;8,95;0,89;0,58;0,66;1,3;0;0;0,06
2,34;W4I European Dividend B FI;0;1;ES0184501015;Renta 4 Gestora SGIIC;10;-0,67;1,45;-0,5;2,97;5,88;4,39;;;;1;;20421,0833;3,76113;;;;;;1,35;0;0;0,1
2,34;Aviva Renta Fija B FI;0;2;ES0170138038;Aviva Gestión SGIIC;1000;-0,12;-0,21;-0,34;-0,35;0,85;1,91;4,39;5,97;4,53;;;;107,88604;5;2,39;1,9;-0,3;0,37;1;0;0;0,06
2,32;NB Cesta Acciones 2019 FI;0;1;ES0131423008;Novo Banco Gestión SGIIC;10;0;0,09;1;0,46;2,14;3,07;;;;;;;4,66317;;;;;;0,75;0;5;0,05
2,32;Santander Renta Fija A FI;0;0;ES0146133006;Santander Asset Management SGIIC;1;-0,06;-0,19;-0,67;-0,88;0,76;1,63;3,63;4,61;;;;;1447,49647;3;2,79;1,34;-1,01;0,31;1,5;0;0;0,1
2,3;W4I Iberia Opportunities B FI;0;1;ES0176407015;Renta 4 Gestora SGIIC;10;-1,29;-0,53;-0,84;-0,87;2,77;3,05;;;;2;;8499,19272;3,92434;;;;;;1,35;0;0;0,1
2,24;Leaseten III FI;0;0;ES0158021032;Santander Asset Management SGIIC;30050606;0;0,08;0,15;1,25;1,31;2,03;4,84;6,87;3,77;;;;20,89412;5;2,28;2,15;1,79;0,4;0,04;0;0;0
2,23;Rural Tecnológico Renta Variable FI;0;1;ES0175738030;Gescooperativo SGIIC;300;-1,02;3,55;-1,1;4,76;17,16;5,99;14,88;15,88;7,55;3;;71989,2537;19,1799;4;15,84;0,98;-1,16;1,29;2,25;0;0;0,2
2,21;BBVA Bonos Corporativos Largo Plazo FI;0;1;ES0114205034;BBVA Asset Management SGIIC;600;-0,17;-0,39;-0,68;-1,09;1,03;2,72;1,94;3,71;;;;;199,85859;2;2,93;0,73;-2,36;0,17;1,35;0;0;0,15
2,2;EDM Valores Uno FI;0;3;ES0127796037;EDM Gestión SGIIC;0;-0,09;0,07;-0,15;-0,19;2,39;3,67;2,38;3,65;2,82;3;;30767,39435;10,63032;4;3,18;0,81;-1,32;0,21;0,45;0;0;0,1
2,18;Renta 4 Emergentes Global FI;0;2;ES0173313034;Renta 4 Gestora SGIIC;0;-1,7;0,14;-2,27;-0,65;12,43;7,54;;;;2;;13878,88169;3,17642;;;;;;1,35;0;0;0,12
2,16;Avance Global B FI;0;3;ES0112340007;Alpha Plus Gestora SGIIC;6;-0,12;0,97;2,15;2,5;6,83;6,47;;;;4;;8008,27225;73,45506;;;;;;1,5;0;0;0,15
2,13;EDM-Inversión R FI;0;3;ES0168674036;EDM Gestión SGIIC;0;-0,68;0,85;-1,84;-0,41;8,51;5,64;4,5;12,84;2,92;5;;3519,80397;376,97594;5;12,47;0,46;0,52;0,47;2,25;0;0;0,07
1,98;Trea Global Bond A FI;0;3;ES0105297008;Trea Asset Management SGIIC;0;-0,15;-0,01;0;0,77;1,95;3,01;2,04;;;;;;4,66539;3;3,04;0,73;-0,71;0,18;1,25;0;0;0,12
1,96;EDM-Ahorro FI;0;3;ES0168673038;EDM Gestión SGIIC;0;-0,07;-0,15;-0,04;-0,18;0,89;2,4;1,71;3,21;3,06;;;;178,11909;4;1,56;1,19;0,57;0,15;0,75;0;0;0,16
1,92;Foncam FI;0;1;ES0138712031;Gestifonsa SGIIC;6;-0,12;-0,15;-0,28;-0,48;0,72;2,02;2,95;5,67;4,19;;;;56,65915;4;1,42;2,2;-0,87;0,25;0,6;0;0;0,1
1,89;Mutuafondo Tecnológico D FI;0;2;ES0141222002;Mutuactivos SGIIC;10;0,69;2,11;-0,18;-0,63;11,94;3,61;12,3;14,23;;3;;31548,1913;14,93474;3;12,05;1,07;-1,64;1,07;1,5;0;0;0,02
1,82;UBS Renta Gestión Activa FI;0;1;ES0180933006;UBS Gestión SGIIC;0;0,14;0,45;1,04;2,27;3,02;4,61;;;;;;;51,13216;;;;;;0,5;0;0;0,1
1,82;Mutuafondo Deuda Subordinada FI;0;1;ES0124144009;Mutuactivos SGIIC;10;-0,04;-0,1;-0,19;-0,03;1,05;1,39;3,8;9,2;;;;;136,3051;;2,02;2;;0,33;0,6;0;3;0,02
1,8;BBVA Bonos Patrimonio XV FI;0;1;ES0159151002;BBVA Asset Management SGIIC;20000;-0,03;0,01;-0,21;-0,09;0,41;1,19;;;;;;;149,66286;;;;;;0,51;0;5;0,05
1,8;Fondo Seniors FI;0;1;ES0138623030;Gestifonsa SGIIC;6;-0,14;-0,22;-0,39;-0,66;0,51;1,86;2,35;4,39;3,52;;;;20,37344;5;1,28;2,01;1,52;0,21;1;0;0;0,1
1,75;Optima Renta Fija Flexible FI;0;2;ES0133462004;Allianz Popular Asset Management SGIIC;600;-0,12;-0,22;-0,38;-0,73;1,74;1,83;;;;;;;144,1199;;;;;;1,05;0;0;0
1,73;Bankinter Mercado Español II FI;0;0;ES0114875034;Bankinter Gestión de Activos SGIIC;600;-0,21;-0,43;-0,56;-0,74;3,09;1,43;;;;;;;16,05374;;;;;;0,85;0;5;0,1
1,61;UBS Bonos Gestión Activa FI;0;1;ES0180914006;UBS Gestión SGIIC;0;-0,13;-0,11;-0,18;-0,1;2,09;1,05;1,77;2,69;;;;;18,39723;2;2,11;0,9;-1,13;0,15;0,5;0;0;0,1
1,58;Eurovalor Europa del Este FI;0;2;ES0133554032;Allianz Popular Asset Management SGIIC;600;1,03;0,52;-0,51;1,85;7,9;10,92;-6,91;-2,37;-4,11;1;;6952,24625;9,33849;3;17,49;-0,3;0,05;-0,45;1,35;0;0;0,15
1,52;Best Morgan Stanley FI;0;2;ES0145808004;Andbank Wealth Management SGIIC;1;0,07;0,34;-0,18;-0,4;3,4;2,61;3,58;5,54;;3;7;25654,44722;57,97991;4;5,22;0,73;-1,14;0,31;1,35;0;0;0,1
1,51;Gescooperativo Deuda Corporativa FI;0;1;ES0158603037;Gescooperativo SGIIC;600;-0,05;-0,07;-0,09;0,04;1,57;2,57;1,9;3,68;-1,31;;;;29,01682;3;1,79;1,15;0,33;0,17;1;0;0;0,1
1,5;BBVA Bonos Patrimonio XIV FI;0;1;ES0159150004;BBVA Asset Management SGIIC;20000;-0,03;-0,01;-0,16;-0,1;0,25;0,94;;;;;;;43,82375;;;;;;0,39;0;5;0,05
1,5;Bankia Rentabilidad Objetivo Largo Plazo FI;0;0;ES0118914003;Bankia Fondos SGIIC;100;-0,35;-0,47;-1,2;-1,71;0,07;1,45;6,61;8,97;;;;;8,12381;;4,38;1,53;;0,55;1;0;0;0,1
1,5;Rural Emergentes Renta Variable FI;0;2;ES0174365033;Gescooperativo SGIIC;300;-0,72;0,53;-1,26;-0,54;12,14;6,41;2,6;2,6;0,05;2;;12887,34942;10,00446;3;12,41;0,28;-0,57;0,28;2,25;0;0;0,2
1,49;NB Fondtesoro Largo Plazo FI;0;1;ES0114911037;Novo Banco Gestión SGIIC;10;-0,11;-0,16;-0,37;-0,41;-0,23;0,97;0,71;2,7;1,94;;;;4,47161;3;3,42;0,25;-0,04;0,07;0,55;0;0;0,02
1,45;NB 10 FI;0;1;ES0138839032;Novo Banco Gestión SGIIC;100;0,08;0,2;0,24;0,02;1,64;1,56;2,32;3,52;1,98;;;;67,36044;3;2,59;0,92;-0,99;0,19;1,15;0;0;0,05
1,43;Mutuafondo Bonos Financieros D FI;0;0;ES0124143019;Mutuactivos SGIIC;10;0,1;0,06;0,22;0,43;2,29;1,6;;;;;;;250,2312;;;;;;0,9;0;0;0,02
1,43;Amundi Estrategia Bonos FI;1;3;ES0164371033;Amundi Iberia SGIIC;500;-0,18;-0,2;-0,35;-0,58;0,45;1,21;1;2,08;2,42;;;;14,53338;2;1,81;0,65;-1,56;0,09;1;0;0;0,1
1,39;BBVA Bolsa Asia MF FI;1;2;ES0108929037;BBVA Asset Management SGIIC;600;0,79;-0,39;-0,63;0,27;15,02;6,78;6,41;6,84;4,7;2;;14522,67511;15,86872;3;13,69;0,54;-0,81;0,61;1,35;0;0;0,2
1,38;Altair Patrimonio II FI;0;1;ES0108643000;Renta 4 Gestora SGIIC;1;0,16;0,29;0,26;-0,06;0,33;1,34;;;;;;;28,8241;;;;;;0,7;0;0;0,08
1,36;UBS Corto Plazo Euro FI;0;1;ES0180913008;UBS Gestión SGIIC;0;0,2;0,31;0,98;2;3,55;1,03;2,29;1,73;;;;;117,44643;4;4,23;0,58;0,31;0,2;0,5;0;0;0,08
1,34;Polar Renta Fija FI;0;1;ES0182631004;Mutuactivos SGIIC;10;-0,06;-0,08;-0,1;0,06;1,98;2,49;3,08;;;;;;33,07706;3;3,07;1,07;-0,58;0,27;0,93;0;0;0,02
1,3;BBVA Bonos Patrimonio XII FI;0;1;ES0110009000;BBVA Asset Management SGIIC;20000;-0,03;0,01;-0,13;-0,07;0,27;0,94;;;;;;;175,97801;;;;;;0,54;0;5;0,05
1,27;Renta 4 Renta Fija Mixto FI;0;1;ES0108207038;Renta 4 Gestora SGIIC;10;-0,41;-0,12;-0,64;-0,35;1,78;2,35;1,73;2,67;-0,39;2;;9290,7181;7,67636;2;3,79;0,58;-1,09;0,18;1,6;0;0;0,12
1,26;Mutuafondo Renta Fija Española D FI;0;1;ES0165182017;Mutuactivos SGIIC;10;-0,09;-0,2;-0,14;-0,23;1,41;1,77;;;;;;;96,90978;;;;;;0,8;0;0;0,02
1,25;Dinvalor Global FI;0;2;ES0126553033;Gestifonsa SGIIC;6;-0,03;-0,03;-0,06;-0,05;1,84;2,75;1,91;2,89;;2;;15037,75537;8,94732;3;2,87;0,71;-1,58;0,17;1;0;0;0,1
1,23;Caja Ingenieros Premier FI;1;1;ES0115532030;Caja Ingenieros Gestión SGIIC;1000;0,1;0,23;0,06;-0,34;0,89;1,43;;;;;4;;59,36632;;;;;;0,9;0;0;0,2
1,22;Altair Renta Fija FI;0;1;ES0107574008;Renta 4 Gestora SGIIC;10;0,07;0,06;0,17;0,58;1,18;2,23;;;;;;;9,8414;;;;;;0,75;0;0;0,1
1,22;Bankinter EE.UU. Nasdaq 100 FI;0;1;ES0114105036;Bankinter Gestión de Activos SGIIC;600;-1,56;1,78;-2,73;-0,57;8,17;2,63;12,76;15,75;9,67;3;;112491,4802;19,75849;3;13,96;0,96;-1,06;1,11;1,15;0;0;0,1
1,17;Gestión Multiperfil Moderado FI;0;2;ES0125322000;Andbank Wealth Management SGIIC;1;-0,06;-0,13;-0,09;-0,38;1,1;1,66;0,8;;;2;7;14872,58521;39,20076;3;1,03;0,88;-1,53;0,07;0,45;0;0;0,1
1,13;Bankinter Renta Fija Roble 2019 FI;0;2;ES0113065009;Bankinter Gestión de Activos SGIIC;500;-0,13;-0,14;-0,18;-0,15;0,17;0,84;;;;;;;7,29;;;;;;0,58;0;0;0,1
1,12;Alpha Plus Renta Fija Dinámica B FI;0;1;ES0108686017;Alpha Plus Gestora SGIIC;10;0,18;0,12;0,58;1,13;2,29;2,07;0,74;3,97;;;;;7,10888;3;3,89;0,22;-0,89;0,07;1,1;0;0;0,1
1,09;Attitude Opportunities FI;0;1;ES0111192003;Attitude Gestión SGIIC;0;-0,01;-0,31;-0,14;-0,26;1,59;2,43;2,81;2,96;;7;;345,12512;84,34025;;2,34;1,34;;0,26;1,35;0;0;0,1
1,09;Rural Renta Fija 5 FI;0;1;ES0175735036;Gescooperativo SGIIC;300;-0,22;-0,39;-0,66;-0,75;0,88;2,16;3,11;5,36;2,75;;;;34,51972;3;2,75;1,23;-0,96;0,28;1,5;0;0;0,05
1,08;Eurovalor Renta Fija FI;0;1;ES0133864035;Allianz Popular Asset Management SGIIC;600;-0,1;-0,29;-0,71;-1,31;0,66;1,01;2,2;3,14;1,74;;;;91,36698;2;2,49;0,97;-1,4;0,2;2;0;0;0
1,06;Santander Selección RV Asia FI;1;4;ES0107764039;Santander Asset Management SGIIC;6000;0,51;-0,73;-1,38;0,11;13,43;5,23;4,37;5,48;5,25;2;;18360,59625;12,46749;3;13,42;0,4;-1,61;0,45;2,2;0;0;0,1
1,05;BBVA Bonos Plazo IV FI;0;1;ES0114389036;BBVA Asset Management SGIIC;600;-0,03;0,01;-0,15;-0,17;0,06;0,52;;;;;;;57,66377;;;;;;0,5;0;5;0,05
1,04;NB Capital Plus FI;0;1;ES0125240038;Novo Banco Gestión SGIIC;10;-0,07;-0,12;-0,1;-0,23;0,51;1,26;1,98;3,34;2,78;;;;276,79962;5;1,18;1,83;1,11;0,17;0,55;0;0;0,05
1;BBVA Bonos Plazo II FI;0;1;ES0113819009;BBVA Asset Management SGIIC;600;-0,01;0,02;-0,1;-0,1;0,01;0,71;3,65;;;;;;49,91383;;2,37;1,56;;0,3;0,41;0;5;0,05
0,99;Bankinter España 2020 II Garantizado FI;0;1;ES0114795034;Bankinter Gestión de Activos SGIIC;500;-0,04;-0,1;-0,39;-0,61;0,44;1,55;;;;;;;37,84781;;;;;;1;0;5;0,1
0,91;BBVA Bonos Patrimonio XI FI;0;1;ES0159149006;BBVA Asset Management SGIIC;20000;-0,07;-0,04;-0,23;-0,23;0,06;0,38;;;;;;;60,38311;;;;;;0,5;0;0;0
0,91;NB Patrimonio FI;0;1;ES0137765030;Novo Banco Gestión SGIIC;10;0,08;0,11;0,09;0,14;0,41;0,83;0,45;1,01;;;;;38,03465;3;0,49;0,98;0,96;0,04;0,55;0;0;0,05
0,9;BBVA Bonos Patrimonio IX FI;0;1;ES0118847005;BBVA Asset Management SGIIC;50000;-0,08;-0,05;-0,1;-0,14;-0,02;0,51;4,24;;;;;;65,96788;;2,38;1,81;;0,35;0,41;0;5;0,05
0,9;RV 30 Fond FI;0;1;ES0173856032;Gestifonsa SGIIC;6;-0,21;0,25;0,01;-0,01;1,84;2,06;3,2;5,51;2,15;1;;15253,39761;57,22337;4;4,08;0,86;-0,64;0,29;1,25;0;0;0,1
0,89;Quality Commodities FI;0;2;ES0172243000;BBVA Asset Management SGIIC;3000;0,49;-0,44;0,28;-0,07;7,12;13,29;-7,28;-8,28;;2;;22523,61356;4,2373;3;13,49;-0,46;-0,83;-0,52;0,95;0;0;0,2
0,86;Eurovalor Patrimonio FI;0;1;ES0133617037;Allianz Popular Asset Management SGIIC;12000;-0,02;-0,04;-0,08;-0,11;0,6;0,8;1,5;2,53;1,69;;;;618,67275;4;0,99;1,68;0,79;0,13;0,7;0;0;0,15
0,86;Mutuafondo LP D FI;0;1;ES0165240005;Mutuactivos SGIIC;10;-0,19;-0,12;-0,18;-0,5;1,78;2,78;3,52;5,44;;;;;126,75006;4;3,23;1,16;-0,56;0,31;0,9;0;0;0,02
0,83;Eurovalor Conservador Dinámico B FI;0;2;ES0133614034;Allianz Popular Asset Management SGIIC;600;-0,07;-0,07;-0,13;-0,18;0,64;1,18;0,23;1,27;1,4;;;;339,33703;;1,09;0,32;;0,02;0,95;0;0;0
0,81;Merch-Universal FI;0;2;ES0182105033;Merchbanc SGIIC;0;0,34;3,41;1,94;2,31;6,61;3,07;1,87;3,9;2,75;2;;39985,00278;30,48445;2;7,5;0,23;-1,45;0,14;1,5;0;0;0,1
0,76;BBVA Bonos Patrimonio VI FI;0;1;ES0110008002;BBVA Asset Management SGIIC;600;-0,01;0,01;-0,04;-0,08;0,09;0,48;3,48;;;;;;43,44681;;2,01;1,8;;0,29;0,64;0;5;0
0,76;Eurovalor Renta Fija Corto FI;0;1;ES0138986031;Allianz Popular Asset Management SGIIC;600;-0,03;-0,08;-0,22;-0,3;0,49;0,73;1,51;2,64;1,74;;;;143,45734;4;1;1,68;0,85;0,13;1;0;0;0
0,75;Bankinter Gestión Abierta FI;0;1;ES0114867031;Bankinter Gestión de Activos SGIIC;500;-0,1;-0,27;-0,55;-0,91;0,3;0,71;2,68;3,78;2,67;;;;394,15394;3;1,84;1,58;-1,01;0,23;1,2;0;0;0,15
0,75;Eurovalor Asia FI;0;3;ES0133539033;Allianz Popular Asset Management SGIIC;600;-0,95;0,14;-2,41;-0,4;13,6;5,71;5,09;5,4;4,03;2;;17834,33571;18,00754;3;13,59;0,48;-0,56;0,53;1,35;0;0;0,15
0,66;Rural Garantizado 9,70 FI;0;1;ES0174371031;Gescooperativo SGIIC;300;-0,1;-0,11;-0,24;-0,27;-0,08;0,4;;;;;;;93,0368;;;;;;0,5;0;3;0,05
0,65;FCS Gestión Flexible FI;0;1;ES0165947005;Novo Banco Gestión SGIIC;10;-0,11;-0,04;-0,5;-0,88;1,44;1,53;;;;1;;16977,43083;3,08767;;;;;;1,35;0;0;0,05
0,64;Renta 4 Delta FI;0;1;ES0173317035;Renta 4 Gestora SGIIC;10;0,26;0,56;0,61;1,94;1,07;1,7;4,09;4,87;3,23;1;;8027,32928;4,85623;5;4,11;1,01;-0,9;0,34;1;0;0;0,1
0,61;March Premier Renta Fija Corto Plazo FI;0;2;ES0161032034;March Asset Management SGIIC;60000;-0,01;-0,03;0,05;0,03;0,22;0,57;0,7;1,57;2,07;;7;;409,69668;4;0,46;1,7;1,68;0,06;0,4;0;0;0
0,6;BBVA Bonos Duración FI;0;1;ES0114487038;BBVA Asset Management SGIIC;35000;0,09;0,14;-0,16;-0,19;0,46;0,61;1,95;4,18;3,94;;;;774,5384;4;1,9;1,06;-1,38;0,16;0,65;0;0;0,15
0,59;BBVA Bonos Rentas IV FI;0;1;ES0138889037;BBVA Asset Management SGIIC;600;-0,05;-0,05;-0,23;-0,27;-0,21;0,3;;;;;;;68,2406;;;;;;0,72;0;5;0,05
0,59;Gesdivisa FI;0;2;ES0142437039;Novo Banco Gestión SGIIC;60;0,57;1,21;1,61;0,34;3,08;3,5;1,31;3,4;0,97;1;;16462,88265;49,43782;;5,58;0,28;;0,13;0,75;0;0;0,1
0,59;UBS Mixto Gestión Activa P FI;0;2;ES0158316002;UBS Gestión SGIIC;1;-0,05;0,21;-0,49;-0,77;2,34;1,98;2,28;3,6;;1;8;14934,71063;30,87863;3;4,38;0,56;-1,79;0,2;0,85;0;0;0,1
0,58;Bankinter España 2020 Garantizado FI;0;1;ES0114791033;Bankinter Gestión de Activos SGIIC;500;-0,04;-0,03;-0,25;-0,34;0,4;1,09;;;;;;;11,78865;;;;;;1,1;0;5;0,1
0,58;Gestión Boutique Ginvest Mediterráneo Ahorro FI;0;3;ES0116831068;Andbank Wealth Management SGIIC;10;0,07;-0,42;-0,36;-0,48;1,87;1,5;;;;2;7;6813,49725;5,10868;;;;;;1,2;0;0;0,1
0,57;Bankinter Renta Fija Atlas 2018 Garantizado FI;0;2;ES0113063004;Bankinter Gestión de Activos SGIIC;500;-0,01;-0,01;-0,04;-0,12;-0,11;0,23;3,02;;;;;;26,44258;;1,79;1,78;;0,26;0,75;0;5;0,1
0,56;Trea Cajamar Corto Plazo FI;0;3;ES0114546031;Trea Asset Management SGIIC;1000;-0,02;-0,02;-0,02;0,13;0,61;0,55;0,57;1,29;1,57;;;;214,7916;;0,28;2,33;2,31;0,05;0,4;0;0;0,05
0,55;March Patrimonio Corto Plazo FI;0;3;ES0160990000;March Asset Management SGIIC;0;-0,03;-0,07;-0,03;0,05;0,38;0,53;1,08;;;;;;39,43502;5;0,83;1,46;1,46;0,1;0,4;0;0;0,05
0,55;Bankinter Renta Fija Largo Plazo FI;0;1;ES0114837034;Bankinter Gestión de Activos SGIIC;50;-0,17;-0,29;-0,53;-0,98;0,33;0,66;3,44;5,22;3,9;;;;299,40378;4;2,2;1,66;-0,76;0,3;1,2;0;0;0,15
0,53;BBVA Bonos Patrimonio V FI;0;1;ES0159147000;BBVA Asset Management SGIIC;600;-0,02;-0,01;-0,09;-0,05;0,16;0,32;2,9;;;;;;6,69752;;1,67;1,84;;0,25;0,26;0;5;0,05
0,53;Rural Rentas Garantizado FI;0;1;ES0174339038;Gescooperativo SGIIC;300;-0,11;-0,1;-0,19;-0,21;-0,04;0,42;3,49;3,7;;;;;130,77818;;2,35;1,52;;0,29;0,5;0;3;0,05
0,53;Caja Ingenieros Gestión Dinámica FI;2;2;ES0119488007;Caja Ingenieros Gestión SGIIC;1000;-0,66;-0,93;-1,19;-1,89;-0,04;0,36;1,19;0,75;;2;7;12142,9493;15,02926;;2,86;0,65;;0,15;1,35;0;0;0,2
0,52;BBVA Bonos Internacional Flexible FI;0;2;ES0110174036;BBVA Asset Management SGIIC;600;-0,07;-0,29;-0,38;-0,41;0,56;1,11;2,44;2,69;2,03;;;;1737,43867;3;2,22;1,1;-0,61;0,2;1;0;0;0,15
0,5;Merchrenta FI;0;2;ES0162333035;Merchbanc SGIIC;0;0,05;0,06;0;-0,21;0,27;1,12;-0,06;0,03;0,9;;;;14,00042;2;1,04;0,04;-1,44;0;1;0;0;0,1
0,49;Imantia Corto Plazo Institucional FI;0;1;ES0107432009;Imantia Capital SGIIC;100000;0,01;0;0,01;0;0,07;0,5;;;;;;;90,53992;;;;;;0,35;0;0;0,08
0,48;Rural Renta Fija 3 FI;0;1;ES0123971030;Gescooperativo SGIIC;300;-0,11;-0,18;-0,31;-0,5;0,05;0,79;1,89;3,43;1,98;;;;140,04061;4;1,56;1,33;0,8;0,17;1,25;0;0;0,05
0,44;Santander Renta Fija Flexible FI;0;1;ES0107942007;Santander Asset Management SGIIC;20000;-0,1;-0,19;-0,35;-1,44;-0,93;0,53;;;;;;;118,60649;;;;;;0,7;0;0;0,05
0,42;Bona-Renda FI;0;3;ES0115091037;GVC Gaesco Gestión SGIIC;0;-0,63;0,98;-0,17;1,4;8,68;2,72;3,75;5,82;0,61;5;;6289,90054;4,93271;3;11,85;0,42;-0,12;0,41;1,5;0;0;0,2
0,41;BBVA Bonos Patrimonio VIII FI;0;1;ES0145927036;BBVA Asset Management SGIIC;50000;-0,07;-0,05;-0,14;-0,23;-0,18;0,15;3,45;;;;;;200,36315;;2,27;1,57;;0,29;0,94;0;5;0,05
0,41;Mutuafondo D FI;0;1;ES0165237001;Mutuactivos SGIIC;10;-0,03;-0,02;-0,02;-0,18;1,03;1,07;1,99;3,6;;;;;866,00089;5;1,76;1,21;0,69;0,17;0,7;0;0;0,01
0,39;BBVA Bonos Patrimonio VII FI;0;1;ES0159148008;BBVA Asset Management SGIIC;30000;-0,13;-0,1;-0,14;-0,2;-0,19;0,09;3,45;;;;;;18,98192;;2,18;1,65;;0,29;0,75;0;5;0,05
0,39;Rural Castilla La Mancha FI;1;1;ES0174388035;Gesconsult SGIIC;1;0,11;0,07;0,06;-0,11;0,64;0,86;;;;1;;9172,30114;21,57884;;;;;;1;0;0;0,08
0,38;Renta 4 Monetario FI;0;1;ES0128520006;Renta 4 Gestora SGIIC;10;0;0;0,01;0,06;0,14;0,32;0,86;1,88;;;;;654,87601;;0,2;5,78;5,63;0,07;0,2;0;0;0,1
0,37;Dinfondo FI;0;1;ES0126536038;Gestifonsa SGIIC;6;-0,18;-0,12;-0,25;-0,47;0,51;0,96;2,15;4,46;2,8;1;;14681,56209;27,19419;4;2,16;1,1;-0,97;0,19;1,25;0;0;0,1
0,37;Merch-Fontemar FI;0;2;ES0138914033;Merchbanc SGIIC;0;0,09;1,44;0,92;1,85;3,6;1,63;0,74;0,82;1,3;1;;79261,69442;34,37786;2;4,07;0,19;-1,54;0,06;1,5;0;0;0,1
0,37;Bankia Bonos Internacional FI;0;0;ES0159178039;Bankia Fondos SGIIC;100;0,07;-0,01;0,27;-0,04;1,55;1,31;3,05;2,55;2,77;9;8;;24,94886;2;2,97;1,1;-0,65;0,27;1,25;0;0;0,1
0,36;Altair Inversiones II FI;0;1;ES0108526007;Renta 4 Gestora SGIIC;1;-0,01;1,03;0,61;0,9;2,79;1,51;;;;9;;703,58815;19,72239;;;;;;1,35;0;0;0,08
0,35;DWS Bonos 2016 A FI;0;2;ES0127098004;Deutsche Asset Management SGIIC;10;0;-0,01;-0,02;-0,33;-0,03;0,69;1,68;;;;;;9,71788;;1,3;1,37;;0,14;1,2;0;0;0,07
0,34;Amundi Estrategia Global FI;0;2;ES0126545039;Amundi Iberia SGIIC;600;-0,13;-0,09;0,04;-1,18;1,54;1,13;2,55;4,31;;3;;18392,45255;18,15306;4;4,72;0,6;-1,92;0,23;1,35;0;0;0,1
0,33;Metavalor Global FI;0;1;ES0162741005;Metagestión SGIIC;60;-0,75;0,74;-2,02;-1,6;5,19;3,97;5,55;5,97;;2;;22489,33689;241,86241;4;8,01;0,81;-0,7;0,54;1,7;0;0;0,08
0,32;Adriza Neutral FI;0;2;ES0118537002;Tressis Gestión SGIIC;0;0,17;0,95;1;1,73;5,55;1,92;4,93;8,19;4,33;1;;29838,30243;46,64922;5;6,45;0,79;-0,96;0,42;1,5;0;0;0,1
0,32;CS Corto Plazo FI;0;1;ES0155598032;Credit Suisse Gestión SGIIC;500;0,01;0;0,01;0,02;0,1;0,3;0,5;1,18;1,32;;;;962,18281;;0,17;3,43;3,36;0,04;0,3;0;0;0,05
0,31;Gesconsult Corto Plazo FI;0;1;ES0138922036;Gesconsult SGIIC;6,01;-0,02;0;-0,03;0,05;0,21;0,45;0,79;1,5;2,07;;;;100,38291;5;0,49;1,81;1,8;0,07;0,6;0;0;0,1
0,29;Santander Renta Fija Corto Plazo A FI;0;1;ES0105931002;Santander Asset Management SGIIC;1;-0,05;-0,06;-0,13;-0,22;-0,06;0,26;;;;;;;809,22651;;;;;;0,65;0;0;0,05
0,29;Alhaja Inversiones RV Mixto FI;0;1;ES0108191000;Renta 4 Gestora SGIIC;10;-1,06;-0,22;-0,44;-0,91;1,48;2,08;;;;2;;12230,84557;3,70235;;;;;;1,3;0;0;0,1
0,27;BBVA Bonos Patrimonio Rentas I FI;0;1;ES0118848003;BBVA Asset Management SGIIC;20000;0;0,02;-0,03;-0,05;0;0,11;;;;;;;28,24452;;;;;;0,49;0;5;0,05
0,27;Bankia Fondtesoro Largo Plazo FI;0;0;ES0138873031;Bankia Fondos SGIIC;100;-0,14;-0,16;-0,28;-0,33;-0,02;0,24;1,01;2;1,8;;;;68,13167;3;0,9;1,31;0,39;0,09;0,47;0;0;0,08
0,26;Bankinter Renta Fija Corto Plazo FI;0;0;ES0110053032;Bankinter Gestión de Activos SGIIC;600;-0,06;-0,13;-0,25;-0,4;-0,11;0,25;1,51;2,71;2,36;;;;965,39545;4;0,79;2,19;1,18;0,13;0,45;0;0;0,2
0,23;March Renta Fija Corto Plazo FI;0;2;ES0160985034;March Asset Management SGIIC;0;0;-0,02;0,03;-0,06;0,05;0,28;0,32;1,19;1,69;;7;;140,15537;4;0,5;0,81;0,8;0,03;0,6;0;0;0,1
0,23;CS Renta Fija 0-5 FI;0;1;ES0124880032;Credit Suisse Gestión SGIIC;0;0,11;0,34;0,41;1,42;2,94;1,49;2,42;3,96;;;;;184,71568;5;4,97;0,54;0,32;0,22;0,85;0;0;0
0,21;BBVA Bonos 2018 FI;0;1;ES0110001031;BBVA Asset Management SGIIC;600;-0,02;0,01;-0,09;-0,19;-0,19;0,04;2,79;5,02;;;;;92,19563;;1,89;1,55;;0,24;0,95;0;0;0,05
0,21;Bankinter Eurostoxx Inverso FI;0;0;ES0164585004;Bankinter Gestión de Activos SGIIC;60;0,15;-2,51;-0,89;-2,35;-7,38;-2,54;-9,39;-14,38;;;;;12,07781;;14,17;-0,6;;-0,72;1;0;0;0,1
0,21;Fon Fineco Top Renta Fija I FI;0;1;ES0137639011;G.I.I.C. Fineco SGIIC;200000;0;-0,01;-0,02;-0,06;0,08;0,21;0,45;1,93;;;;;252,56883;3;0,2;2,92;-1,73;0,04;0,25;0;0;0,05
0,2;Bankia Soy Así Cauto FI;0;0;ES0158976037;Bankia Fondos SGIIC;100;0,11;0,02;0,05;-0,22;1,42;0,82;2,09;2,66;1,92;3;7;31479,13065;1287,86959;3;2,47;0,91;-1,78;0,18;0,5;0;0;0,1
0,19;Bankinter Renta Fija Onix 2018 Garantizado FI;0;2;ES0179392008;Bankinter Gestión de Activos SGIIC;500;-0,01;0,01;-0,05;-0,11;-0,1;0,07;2,59;;;;;;35,68063;;1,76;1,57;;0,22;0,8;0;5;0,1
0,18;March Patrimonio Defensivo FI;1;3;ES0160921039;March Asset Management SGIIC;0;0,11;0,17;-0,11;-0,23;0,83;0,66;0,79;1,82;0,83;2;7;29608,65638;152,42613;;1,76;0,49;;0,07;0,8;0;0;0,05
0,18;Mutuafondo Corto Plazo D FI;0;1;ES0165142003;Mutuactivos SGIIC;10;0;0;-0,01;-0,01;-0,01;0,07;0,81;1,2;;;;;1338,65835;4;0,31;3,23;3,2;0,07;0,5;0;0;0,02
0,18;Bankia Bonos Duración Flexible FI;0;0;ES0173441033;Bankia Fondos SGIIC;100;-0,13;-0,2;-0,44;-0,73;-0,1;0,13;1,09;2,33;2,73;;;;42,50378;2;1,64;0,74;-1,89;0,1;1;0;0;0,1
0,18;Caja Ingenieros 2016 Garantizado FI;1;1;ES0119486001;Caja Ingenieros Gestión SGIIC;1000;0;0;0;0,04;0,3;0,14;1,25;;;;7;;24,03217;;1,14;1,23;;0,11;1;0;2;0,2
0,14;Caja Ingenieros Bolsa USA FI;1;1;ES0115359038;Caja Ingenieros Gestión SGIIC;500;0,44;5,01;1,87;0,57;6,69;4,01;11,69;13,28;4,57;2;;47589,91471;21,05508;2;11,83;1;-1,66;0,98;1,35;0;0;0,2
0,13;Mutuafondo Gestión Óptima Moderado A FI;0;2;ES0165268030;Mutuactivos SGIIC;10;-0,5;-0,49;-1,95;-2,4;0,51;0,42;1,66;2,11;2;2;9;17914,70593;167,3332;3;4,33;0,47;-1,26;0,16;1,25;0;0;0,02
0,1;BBVA Bonos Corporativos Duración Cubierta FI;0;1;ES0113278008;BBVA Asset Management SGIIC;30000;-0,14;-0,2;-0,12;-0,39;0,28;0,3;0,24;1,86;;;;;979,51459;3;2,03;0,21;-0,73;0,03;0,75;0;0;0,05
0,09;Bankia Duración Flexible 0-2 FI;0;0;ES0147507034;Bankia Fondos SGIIC;100;-0,08;-0,11;-0,27;-0,38;-0,12;0,05;1,32;2,38;2,27;;;;686,8327;4;0,91;1,58;0,59;0,11;0,5;0;0;0,08
0,08;BNP Paribas Renta Fija FI;0;1;ES0150037036;BNP Paribas Gestión de Inversiones SGIIC;600;0;0;-0,08;-0,1;-0,11;0,1;0,24;;;8;;1135,13034;29,4674;;;;;;0,5;0;0;0,05
0,06;Bankinter Dinero 4 FI;0;1;ES0127186031;Bankinter Gestión de Activos SGIIC;600000;0;0;0;-0,02;0,01;0,07;0,55;1,55;1,91;;;;713,73372;;0,16;5,31;5,18;0,05;0,15;0;0;0,05
0,04;BBVA Ahorro Empresas FI;0;1;ES0114129036;BBVA Asset Management SGIIC;180000;0;0;0;0,03;0,06;0,07;0,19;0,78;1,57;;;;448,07949;;0,12;2,43;2,31;0,02;0,1;0;0;0,05
0,03;Dinercam FI;0;1;ES0126551037;Gestifonsa SGIIC;0;0;0,01;-0,01;-0,07;-0,05;-0,01;0,53;1,81;2,42;;;;55,57714;;0,25;2,81;2,73;0,05;0,2;0;0;0,1
0,01;BBVA Bonos Patrimonio IV FI;0;1;ES0130359005;BBVA Asset Management SGIIC;10000;0;0;-0,06;-0,15;-0,17;-0,25;2,05;;;;;;5,64821;;1,45;1,53;;0,18;0,48;0;5;0,05
0,01;atl Capital Liquidez FI;0;1;ES0111166031;Atl 12 Capital Gestión SGIIC;10;0;0;-0,01;-0,02;-0,01;-0,01;0,4;1,28;1,66;;;;62,03274;;0,14;4,91;4,73;0,03;0,45;0;0;0,1
0,01;Santander 100 por 100 14 B FI;1;1;ES0174866014;Santander Asset Management SGIIC;100000;-0,03;0;-0,05;-0,1;-0,15;-0,11;2,43;;;;;;109,50582;;1,69;1,53;;0,21;0,53;0;5;0,1
0;Avantage Fund FI;0;1;ES0112231008;Renta 4 Gestora SGIIC;1000;0,81;1,4;2,09;0,56;0,68;-1,21;;;;5;;3040,04427;5,60995;;;;;;0,8;0;0;0
0;EDM Renta FI;0;3;ES0127795039;EDM Gestión SGIIC;0;-0,02;0,01;-0,02;-0,11;-0,1;0,1;0,23;0,97;1,64;;;;58,94202;3;0,42;0,69;0,68;0,02;0,5;0;0;0,08
0;GVC Gaesco Constantfons FI;0;3;ES0121776035;GVC Gaesco Gestión SGIIC;0;0;0;0;0;0;0;0,16;0,34;0,95;;;;96,90263;;0,07;4,72;4,3;0,01;0,75;0;0;0,1
0;GVC Gaesco Fondo Fondtesoro Corto Plazo FI;0;3;ES0140642036;GVC Gaesco Gestión SGIIC;0;0;0;0;0;0;0;0,08;0,18;0,77;;;;5,34342;;0,04;2,77;2,61;0,01;0,8;0;0;0,1
-0,01;Bankia Garantizado Bolsa 5 FI;0;0;ES0159081035;Bankia Fondos SGIIC;100;-0,23;-0,25;-0,68;-1,02;-0,54;0,15;;;;;;;125,38121;;;;;;0,39;0;5;0,1
-0,01;Caja Ingenieros 2017 2E Garantizado FI;1;1;ES0119487009;Caja Ingenieros Gestión SGIIC;1000;-0,04;0;0;0,21;0,54;0,08;1,63;;;;7;;20,1564;;1,38;1,29;;0,14;1,2;0;2;0,2
-0,01;Bankia Fusión FI;0;0;ES0158013005;Bankia Fondos SGIIC;100;-0,03;-0,01;-0,04;-0,01;-0,03;-0,03;0,15;2,91;;;;;139,48843;4;0,21;1,28;1,23;0,02;0;0;5;0,1
-0,01;Mutuafondo Gestión Óptima Dinámico FI;0;2;ES0165181035;Mutuactivos SGIIC;10;-0,62;-0,44;-2,77;-2,82;2,65;0,97;-0,89;1,27;0,94;2;9;24364,28648;8,21013;2;6,98;-0,11;-1,48;-0,07;1,5;0;0;0,02
-0,02;A&G Tesorería FI;0;2;ES0156873004;A&G Fondos SGIIC;0;0;-0,01;0,05;-0,02;-0,03;-0,03;0,31;1,08;;;;;42,83757;;0,16;2,92;2,83;0,03;0,25;0;0;0,08
-0,04;Caja Ingenieros 2016 2E Garantizado FI;3;3;ES0118508003;Caja Ingenieros Gestión SGIIC;1000;-0,02;0,02;-0,01;0,09;0,32;0,05;1,51;;;;7;;42,75965;;1,24;1,34;;0,13;1;0;2;0,2
-0,05;March Solidez Garantizado FI;0;2;ES0160932036;March Asset Management SGIIC;3000;0,04;0,41;0,24;0,47;0,74;0;4,03;;;;7;;16,40008;;2,91;1,37;;0,32;1;0;5;0,05
-0,06;Aviva Corto Plazo B FI;0;2;ES0170156030;Aviva Gestión SGIIC;1000;0;0,02;0;-0,03;-0,05;-0,03;0,31;1,35;1,8;;;;453,78406;4;0,17;2,72;2,63;0,03;0,5;0;0;0,06
-0,06;DWS Fondepósito Plus A FI;0;0;ES0136787035;Deutsche Asset Management SGIIC;6;0;0;-0,02;-0,04;-0,06;-0,07;0,02;0,53;;;;;456,15025;3;0,04;1,84;1,72;0;0,32;0;0;0,05
-0,07;BBVA Fusión Corto Plazo V FI;1;3;ES0159157009;BBVA Asset Management SGIIC;180000;-0,01;0;-0,03;-0,03;-0,06;-0,05;;;;;;;256,412;;;;;;0,3;0;5;0,05
-0,09;Annapurna FI;0;3;ES0109286007;Inversis Gestión SGIIC;1;-0,02;-0,21;-0,48;-0,27;1,03;-0,7;2,56;;;;;79,48195;44,79715;3;2,79;1;-1,08;0,23;0,9;0;0;0,1
-0,09;BBVA Fon-Plazo 2018 FI;0;1;ES0115161004;BBVA Asset Management SGIIC;600;-0,09;-0,07;-0,16;-0,31;-0,42;-0,28;2,97;;;;;;77,24459;;2,18;1,43;;0,25;1,27;0;5;0,05
-0,09;Fon Fineco Top Renta Fija A FI;0;1;ES0137639003;G.I.I.C. Fineco SGIIC;0;0;-0,01;-0,05;-0,13;-0,07;-0,05;0,15;1,62;;;;;252,56883;3;0,2;1,26;-2,72;0,01;0,55;0;0;0,05
-0,1;Renta 4 Fondtesoro CP FI;0;1;ES0173372030;Renta 4 Gestora SGIIC;10;-0,16;-0,22;-0,3;-0,39;-0,27;-0,14;0,52;1,64;1,41;;;;7,90717;4;0,62;1,14;1,13;0,05;0,25;0;0;0,1
-0,1;March Cartera Conservadora FI;1;3;ES0123541007;March Asset Management SGIIC;1;0,15;0,17;-0,4;-0,39;1,34;0,65;1,24;3,12;;2;7;17585,96884;211,05362;3;3,35;0,43;-1,96;0,12;0,7;0;0;0,1
-0,11;Bankinter Renta Variable Española Garantizado FI;0;2;ES0114023007;Bankinter Gestión de Activos SGIIC;500;-0,14;-0,23;-0,55;-1,07;0,8;0,56;;;;;;;35,89727;;;;;;1,1;0;0;0,1
-0,11;BBVA Bonos Rentas III FI;0;1;ES0114132030;BBVA Asset Management SGIIC;600;0;0;-0,04;-0,12;-0,19;-0,15;2,37;;;;;;112,08647;;1,55;1,58;;0,2;0,49;0;5;0,05
-0,11;Bankinter Dinero 3 FI;0;1;ES0115155030;Bankinter Gestión de Activos SGIIC;60000;0;0;-0,02;-0,05;-0,08;-0,11;0,32;1,31;1,72;;;;381,04935;;0,15;3,56;3,44;0,03;0,35;0;0;0,1
-0,11;Bankia Bonos Corto Plazo (III) FI;0;0;ES0113044038;Bankia Fondos SGIIC;200000;-0,04;-0,06;-0,11;-0,16;-0,15;-0,1;0,4;1,22;1,46;;;;105,63815;4;0,28;1,92;1,89;0,04;0,4;0;0;0,05
-0,11;Caja Ingenieros 2017 Garantizado FI;1;1;ES0164375000;Caja Ingenieros Gestión SGIIC;1000;-0,04;-0,01;-0,05;0,02;0,21;-0,04;1,85;;;;7;;46,93367;;1,31;1,57;;0,16;0,9;0;2;0,2
-0,12;Bankia Renta Fija Largo Plazo FI;0;0;ES0158178030;Bankia Fondos SGIIC;100;-0,11;-0,17;-0,42;-0,77;-0,3;-0,09;1,19;2,23;2,44;;;;58,1214;4;1,51;0,87;0,2;0,1;1,25;0;0;0,1
-0,12;DWS Ahorro FI;0;0;ES0125783037;Deutsche Asset Management SGIIC;60,1;0;-0,01;-0,02;-0,05;-0,11;-0,12;-0,02;0,41;0,98;;;;77,10336;2;0,05;0,79;0,69;0;0,37;0;0;0,1
-0,13;Bankinter Renta Fija Naos 2018 Garantizado FI;0;2;ES0164541007;Bankinter Gestión de Activos SGIIC;500;-0,01;0,01;-0,12;-0,27;-0,33;-0,23;3,05;;;;;;22,14435;;1,82;1,74;;0,26;0,85;0;5;0,1
-0,15;Eurovalor Ahorro Euro B FI;0;1;ES0133867038;Allianz Popular Asset Management SGIIC;250;-0,02;-0,03;-0,18;-0,32;-0,1;-0,18;0,45;1,28;1,28;;;;644,35348;4;0,66;0,89;0,88;0,04;1;0;0;0,15
-0,15;Eurovalor Particulares Volumen A FI;0;1;ES0133877037;Allianz Popular Asset Management SGIIC;60000;0;-0,01;-0,03;-0,06;-0,1;-0,14;0,32;1,27;2;;;;1305,73812;;0,17;2,99;2,9;0,03;0,6;0;0;0
-0,16;Intermoney Attitude FI;0;1;ES0154765004;Intermoney Gestión SGIIC;10;-0,01;-0,28;-0,24;-0,55;0,86;1,45;;;;7;;;15,18923;;;;;;1,35;0;0;0,1
-0,16;atl Capital Renta Fija FI;0;2;ES0111168003;Atl 12 Capital Gestión SGIIC;10;-0,15;-0,25;-0,22;0,39;1,23;1,26;2,46;4,42;;;;;18,19029;3;2,77;0,95;-1;0,22;0,9;0;0;0,1
-0,17;BBVA Fusión Corto Plazo FI;1;1;ES0113467007;BBVA Asset Management SGIIC;180000;0;0;-0,01;-0,01;-0,02;-0,1;;;;;;;300,46885;;;;;;0,3;0;5;0,05
-0,17;Eurovalor Empresas Volumen FI;0;1;ES0169533033;Allianz Popular Asset Management SGIIC;60000;0;-0,01;-0,03;-0,07;-0,13;-0,16;0,32;1,24;1,98;;;;338,21316;;0,18;2,87;2,79;0,03;0,6;0;0;0
-0,17;BBVA Rentabilidad Ahorro Corto Plazo FI;0;1;ES0110131036;BBVA Asset Management SGIIC;600;0;0;-0,01;0;-0,01;-0,08;-0,1;0,62;1,25;;;;1324,18423;3;0,14;-0,29;-0,31;-0,01;0,3;0;0;0,05
-0,17;Bankia Monetario Euro Deuda (II) FI;0;0;ES0112899002;Bankia Fondos SGIIC;100000;-0,02;-0,02;-0,04;-0,05;-0,12;-0,15;0,15;1,08;;;;;29,14506;;0,15;1,91;1,83;0,01;0,25;0;0;0,05
-0,18;Rural 2017 Garantía FI;0;1;ES0174407033;Gescooperativo SGIIC;300;-0,05;-0,02;-0,09;-0,17;-0,21;-0,16;2,1;;;;;;45,32861;;1,46;1,56;;0,18;0,5;0;3;0,05
-0,19;BBVA Bonos Corto Plazo Gobiernos FI;0;1;ES0113752002;BBVA Asset Management SGIIC;100000;-0,01;0;-0,04;-0,03;-0,05;-0,11;0;0,86;;;;;52,72357;2;0,13;0,5;-2,36;0;0,25;0;0;0,05
-0,19;UBS Valor P FI;0;1;ES0180942031;UBS Gestión SGIIC;0;-0,03;-0,03;-0,06;-0,11;-0,19;-0,09;;;;;;;59,83322;;;;;;0,35;0;0;0,08
-0,19;BBVA Fusión Corto Plazo III FI;0;1;ES0159155003;BBVA Asset Management SGIIC;180000;0;0;-0,03;-0,02;-0,02;-0,12;;;;;;;252,79681;;;;;;0,3;0;5;0,05
-0,19;Santander 100 por 100 14 A FI;1;1;ES0174866006;Santander Asset Management SGIIC;60000;-0,03;0;-0,07;-0,15;-0,25;-0,28;2,23;;;;;;109,50582;;1,69;1,41;;0,19;0,73;0;5;0,1
-0,19;BBVA Bonos Internacional Flexible Euro FI;0;2;ES0108926033;BBVA Asset Management SGIIC;600;-0,08;-0,26;-0,34;-0,41;0,13;0,33;0,43;2,08;;;;;117,7324;3;1,96;0,34;-0,23;0,05;1,5;0;0;0,15
-0,2;Bankia Evolución Prudente FI;0;0;ES0158965030;Bankia Fondos SGIIC;100;0,04;-0,12;-0,16;-0,26;0,72;0,43;0,8;1,57;1,53;3;7;22394,98165;2347,04825;;1,34;0,68;;0,07;0,75;0;0;0,1
-0,21;Intermoney Renta Fija Corto Plazo FI;0;1;ES0155171038;Intermoney Gestión SGIIC;1;0;-0,01;-0,02;-0,06;-0,13;-0,19;0,27;1,16;1,53;;;;6,80978;;0,15;3,16;3,08;0,02;0,25;0;0;0,1
-0,21;BBVA Dinero Fondtesoro Corto Plazo FI;0;1;ES0113200036;BBVA Asset Management SGIIC;300;0;0;-0,02;-0,07;-0,12;-0,2;-0,18;0,66;1,01;;;;124,49918;2;0,11;-1,1;-1,09;-0,01;0,3;0;0;0
-0,22;BBVA Fon-Plazo 2017 B FI;0;1;ES0180662001;BBVA Asset Management SGIIC;600;0,02;0,04;-0,08;-0,15;-0,26;-0,35;2,43;;;;;;131,82879;;1,87;1,38;;0,21;1,02;0;5;0,05
-0,22;CS Director Bond Focus FI;0;2;ES0165121031;Credit Suisse Gestión SGIIC;0;-0,01;0,28;0;-0,34;0,63;0,45;2,35;2,43;2,04;7;9;566,99381;8,18905;3;3,27;0,75;-1,49;0,2;0,6;0;0;0,1
-0,23;BBVA Bonos Cash FI;0;1;ES0113276002;BBVA Asset Management SGIIC;600;0;0;-0,02;-0,04;-0,07;-0,17;-0,27;0,24;;;;;171,29268;;0,11;-1,85;-1,83;-0,02;0,25;0;0;0,05
-0,23;Mutuafondo Gestión Óptima Conservador FI;0;2;ES0131366033;Mutuactivos SGIIC;10;-0,13;-0,17;-0,84;-1,66;-0,12;0,18;1,09;1,51;1,77;2;8;17494,12228;37,11733;3;2,87;0,45;-1,51;0,1;1;0;0;0,02
-0,23;Eurovalor Japón FI;0;3;ES0133663031;Allianz Popular Asset Management SGIIC;600;-2,27;-3,07;-1,15;-0,09;9,31;0,6;9;9,77;0,99;2;;6323,435;11,35249;4;14,09;0,78;-1,11;0,91;1,35;0;0;0,15
-0,23;Rural Rendimiento FI;0;1;ES0174394033;Gescooperativo SGIIC;6;-0,08;-0,09;-0,18;-0,22;-0,07;0,18;0,16;0,56;0,86;;;;27,01966;3;0,38;0,66;0,64;0,02;0,7;0;0;0
-0,24;Fondo Liquidez FI;0;1;ES0137987006;BBVA Asset Management SGIIC;5000;0;0;-0,03;-0,05;-0,09;-0,18;-0,06;0,55;;;;;6,0929;3;0,11;-0,05;-0,1;0;0,2;0;0;0,05
-0,24;Bankinter Ahorro Activos Euro FI;0;0;ES0114821038;Bankinter Gestión de Activos SGIIC;60;0;-0,01;-0,04;-0,08;-0,15;-0,22;0,31;1,14;1,65;;;;793,96259;;0,17;3,16;3,07;0,03;0,5;0;0;0,1
-0,24;March Cartera Moderada FI;1;3;ES0123549000;March Asset Management SGIIC;1;0,2;0,3;-0,41;-0,33;1,75;0,7;1,64;3,93;;2;7;14408,69284;86,92424;2;4,4;0,42;-1,98;0,15;0,9;0;0;0,1
-0,25;Rural Ahorro Plus FI;0;1;ES0174305039;Gescooperativo SGIIC;60000;-0,07;-0,09;-0,18;-0,22;-0,07;0,25;0,35;0,93;1,4;;;;66,46087;3;0,49;0,95;0,94;0,03;0,5;0;0;0,05
-0,26;BBVA Bonos Valor Relativo FI;0;1;ES0113857033;BBVA Asset Management SGIIC;10000;-0,11;-0,12;-0,14;-0,13;0,08;-0,33;0,13;0,89;;;;;465,82943;;0,66;0,44;;0,02;0,4;0;0;0,05
-0,26;Santander Ahorro Garantizado 5 B FI;1;1;ES0174939019;Santander Asset Management SGIIC;300000;-0,02;-0,01;-0,04;-0,09;-0,19;-0,27;2,1;;;;;;195,57877;;1,51;1,5;;0,18;0,45;0;5;0,1
-0,27;Bankinter Dinero 2 FI;0;1;ES0114801030;Bankinter Gestión de Activos SGIIC;6000;0;-0,01;-0,03;-0,09;-0,16;-0,24;0,16;1,16;1,56;;;;273,62302;;0,16;2,1;2,01;0,02;0,45;0;0;0,15
-0,29;BBVA Plan Rentas 2017 B FI;0;1;ES0125465031;BBVA Asset Management SGIIC;600;-0,02;0;-0,12;-0,21;-0,32;-0,4;2,23;;;;;;64,76048;;1,81;1,33;;0,19;1,12;0;5;0,05
-0,29;Bankia Soy Así Flexible FI;0;0;ES0159084039;Bankia Fondos SGIIC;100;0,18;-0,08;0,03;-0,32;2,58;0,89;2,66;3,77;1,54;2;8;23771,48494;563,85326;3;4,56;0,65;-2,11;0,24;1;0;0;0,1
-0,29;Bankinter Renta Fija Opalo 2017 Garantizado FI;0;2;ES0119173005;Bankinter Gestión de Activos SGIIC;500;0;0;-0,04;-0,16;-0,24;-0,26;1,9;;;;;;26,12899;;1,43;1,44;;0,16;0,7;0;5;0,1
-0,31;BBVA Bonos Core BP FI;0;1;ES0114239033;BBVA Asset Management SGIIC;50000;0;0;-0,02;-0,08;-0,19;-0,26;-0,04;0,12;-0,37;;;;64,20753;2;0,13;0,11;-0,75;0;0,1;0;0;0,05
-0,32;Bankinter Renta Fija Titanio 2017 Garantizado FI;0;2;ES0118844002;Bankinter Gestión de Activos SGIIC;500;0;0;-0,04;-0,16;-0,25;-0,29;1,89;;;;;;34,92312;;1,44;1,42;;0,16;0,7;0;5;0,1
-0,32;Bankinter Renta Fija Cuarzo 2017 Garantizado FI;0;2;ES0118843004;Bankinter Gestión de Activos SGIIC;500;0;0;-0,05;-0,16;-0,26;-0,3;;;;;;;25,4705;;;;;;0,7;0;5;0,1
-0,32;Santander Inversión Corto Plazo FI;1;1;ES0145822005;Santander Asset Management SGIIC;1;-0,01;-0,01;-0,09;-0,2;-0,24;-0,27;0,02;;;;;;389,24756;2;0,47;0,18;0,17;0;0,9;0;0;0,05
-0,32;Bankinter Renta Fija Jade Garantizado FI;0;2;ES0159143009;Bankinter Gestión de Activos SGIIC;500;0;-0,01;-0,05;-0,08;-0,28;-0,24;1,49;;;;;;22,20911;;1,24;1,34;;0,13;0,7;0;5;0,1
-0,32;Rural 9,51 Garantía Renta Fija FI;0;1;ES0174343030;Gescooperativo SGIIC;300;-0,03;-0,01;-0,08;-0,18;-0,29;-0,27;1,68;;;;;;64,72202;;1,3;1,44;;0,15;0,5;0;3;0,05
-0,34;Bankinter Renta Fija Atlantis 2017 Garantizado FI;0;1;ES0114876032;Bankinter Gestión de Activos SGIIC;500;0;-0,01;-0,06;-0,11;-0,26;-0,25;;;;;;;81,45236;;;;;;0,8;0;5;0,1
-0,34;Caja Ingenieros 2018 Inflación Garantizado FI;1;1;ES0118509001;Caja Ingenieros Gestión SGIIC;1000;-0,06;-0,07;-0,28;0,45;1,17;-0,62;;;;;7;;12,94146;;;;;;1;0;5;0,2
-0,34;Bankia Emergentes FI;0;0;ES0158971038;Bankia Fondos SGIIC;100;0,73;0,15;-1,07;-0,43;10,8;5,59;3,69;2,2;2,88;2;8;10291,423;23,54315;3;11,43;0,39;-0,25;0,37;1,8;0;0;0,1
-0,34;BBVA Fon-Plazo 2017 FI;0;1;ES0114589007;BBVA Asset Management SGIIC;600;-0,01;-0,02;-0,07;-0,2;-0,29;-0,39;2,22;;;;;;100,75399;;1,69;1,41;;0,19;1;0;5;0,05
-0,36;Rural Interés Garantizado 2017 FI;0;1;ES0174383036;Gescooperativo SGIIC;300;-0,05;-0,03;-0,09;-0,21;-0,29;-0,3;1,91;;;;;;55,03783;;1,46;1,43;;0,17;0,75;0;3;0,05
-0,36;Gescooperativo Multiestrategias Alternativas FI;0;2;ES0158602039;Gescooperativo SGIIC;300;0,08;0,04;0,1;0,1;1,21;0,34;1,39;1,49;0,03;2;7;11990,68577;4,37407;;2,78;0,58;;0,13;1,35;0;0;0,15
-0,36;GVC Gaesco T.F.T. FI;0;3;ES0138984036;GVC Gaesco Gestión SGIIC;0;0,97;2,02;-1,52;-0,41;8,99;2,32;9,56;13,58;5,81;3;;6858,31024;28,69861;3;13,25;0,77;-1,31;0,84;2,25;0;0;0,1
-0,37;BBVA Bonos Plazo III FI;0;1;ES0115163000;BBVA Asset Management SGIIC;600;-0,01;-0,01;-0,05;-0,14;-0,25;-0,34;;;;;;;24,33864;;;;;;0,5;0;5;0,05
-0,37;Annualcycles Strategies FI;0;1;ES0109298002;Gesiuris Asset Management SGIIC;0;-0,64;1,46;0,69;1,48;7,5;2,38;5,48;6,49;;2;;29733,70512;7,22655;;9,44;0,63;;0,49;1;0,6;0;0,1
-0,38;Santander Tesorero C FI;0;0;ES0112744026;Santander Asset Management SGIIC;300000;-0,01;-0,01;-0,06;-0,16;-0,27;-0,36;0,05;0,97;;;;;908,27355;3;0,24;0,6;0,57;0,01;0,4;0;0;0,05
-0,38;Bankinter Fondo Monetario FI;0;1;ES0114868039;Bankinter Gestión de Activos SGIIC;60;0;-0,01;-0,04;-0,14;-0,23;-0,34;-0,33;-0,28;0,58;;;;33,78187;;0,08;-3,4;-3,37;-0,03;0,4;0;0;0,1
-0,38;Eurovalor Fondepósito Plus FI;0;1;ES0127026005;Allianz Popular Asset Management SGIIC;10000;0;-0,01;-0,05;-0,13;-0,22;-0,33;0,12;1,05;;;;;198,22833;4;0,17;1,43;1,37;0,01;0,8;0;0;0
-0,39;Caja Ingenieros Fondtesoro Corto Plazo FI;1;1;ES0114887039;Caja Ingenieros Gestión SGIIC;6;-0,05;-0,05;-0,13;-0,23;-0,22;-0,31;-0,07;0,96;;;4;;20,40538;3;0,41;0,11;0,1;0;0,6;0;0;0,14
-0,4;Trea Cajamar Patrimonio FI;0;3;ES0114547039;Trea Asset Management SGIIC;1000;-0,13;0,05;-0,24;-0,31;1,54;0,45;1,86;3,5;1,79;2;;22619,05864;140,92716;3;2,77;0,74;-1,21;0,17;1,3;0;0;0,1
-0,4;Alcalá Uno FI;0;1;ES0107703037;Gesalcalá SGIIC;6,01;-0,01;-0,02;-0,09;-0,23;-0,38;-0,37;-0,04;0,66;1,45;;;;3,32427;2;0,42;0,09;-2,14;0;0,5;0;0;0,02
-0,43;Bankinter Dinero 1 FI;0;1;ES0113921037;Bankinter Gestión de Activos SGIIC;600;0;-0,01;-0,04;-0,13;-0,24;-0,38;0;0,96;;;;;170,62469;;0,16;0,62;0,57;0;0,7;0;0;0,05
-0,44;Rural Mixto 15 FI;0;1;ES0174227035;Gescooperativo SGIIC;300;-0,21;-0,2;-0,3;-0,14;0,65;0,69;;;;1;;8239,53846;413,59422;;;;;;0,9;0;0;0,05
-0,45;Bankinter Sector Energía FI;0;1;ES0114806039;Bankinter Gestión de Activos SGIIC;60;0,19;3,06;0,36;0,63;7,22;5,76;-0,62;0,45;-2,26;1;;16462,95952;2,84975;3;14,79;0,02;-0,1;0,02;1,6;0;0;0,15
-0,48;Mutuafondo Dinero D FI;0;1;ES0165143019;Mutuactivos SGIIC;10;-0,01;-0,01;-0,05;-0,12;-0,28;-0,4;-0,25;0,36;;;;;95,83535;;0,1;-2,55;-2,51;-0,02;0,4;0;0;0,02
-0,49;Caja Ingenieros 2019 Ibex Garantizado FI;1;1;ES0118510009;Caja Ingenieros Gestión SGIIC;1000;-0,13;-0,15;-0,17;-0,4;0,37;0,25;;;;;4;;13,25885;;;;;;1;0;5;0,2
-0,51;Santander Tándem 0-30 FI;0;1;ES0155818034;Santander Asset Management SGIIC;1;0,14;0,31;-0,11;-0,59;0,59;0,15;2,17;3,31;2,25;1;;50353,10808;3612,56159;3;3,56;0,65;-1,58;0,19;1,4;0;0;0,1
-0,51;Santander Ahorro Garantizado 5 A FI;1;1;ES0174939001;Santander Asset Management SGIIC;1;-0,02;-0,02;-0,06;-0,16;-0,31;-0,48;1,85;;;;;;195,57877;;1,51;1,33;;0,16;0,7;0;5;0,1
-0,52;Gesiuris Patrimonial FI;3;3;ES0116845035;Gesiuris Asset Management SGIIC;300;-0,4;-0,52;-0,34;-0,13;1,86;0,2;5,08;4,39;-0,18;2;;9762,76134;18,85532;;8,12;0,7;;0,47;2,25;0;0;0,1
-0,54;March Patrimonio Renta FIL;0;2;ES0160922003;March Asset Management SGIIC;100000;0;-0,02;-0,07;-0,14;-0,26;-0,46;0,55;;;;7;;2,25321;;0,26;2,89;2,86;0,05;0,5;0;0;0,05
-0,56;GVC Gaesco Small Caps A FI;0;3;ES0113319034;GVC Gaesco Gestión SGIIC;0;1,2;0,2;-3,12;0,77;4,46;-1,54;6,65;12,44;0,96;;;;35,13132;2;14,66;0,58;-0,32;0,71;2,25;0;0;0,1
-0,56;BBVA Plan Rentas 2017 FI;0;1;ES0133768004;BBVA Asset Management SGIIC;600;-0,02;-0,02;-0,19;-0,24;-0,41;-0,59;2,08;;;;;;30,10196;;1,77;1,28;;0,18;1,13;0;5;0,05
-0,57;Fongrum/Renta Fija Mixta FI;0;2;ES0138876000;Atl 12 Capital Gestión SGIIC;1;-0,11;-0,04;-0,06;0,03;2,62;0,72;1,2;;;2;8;28084,02272;1,47691;3;3,29;0,45;-1,12;0,12;0,5;0;0;0,1
-0,57;BBVA Bonos Patrimonio III FI;0;1;ES0130358007;BBVA Asset Management SGIIC;600;0;-0,01;-0,04;-0,19;-0,39;-0,62;1,1;;;;;;1,97221;;1,27;1;;0,1;0,05;0;5;0
-0,57;Best JP Morgan AM FI;0;2;ES0114524004;Andbank Wealth Management SGIIC;1;0,17;0,6;-0,69;-1,36;2,15;0,75;3,32;5,05;;3;9;27223,61609;43,191;4;5,94;0,56;-2,14;0,27;1,35;0;0;0,1
-0,57;Gescooperativo Deuda Soberana Euro FI;0;1;ES0174344038;Gescooperativo SGIIC;60;-0,01;-0,02;-0,07;-0,06;-0,26;-0,38;-0,23;0,49;;;;;73,65356;;0,18;-1,08;-1,09;-0,02;0,6;0;0;0,1
-0,58;Best Carmignac FI;0;2;ES0114572003;Andbank Wealth Management SGIIC;0;0,53;1,21;-0,57;-1,92;4,44;0,74;2,64;2,93;;3;7;16899,34847;38,42597;3;6,42;0,5;-1,72;0,26;1,35;0;0;0,1
-0,59;BBVA Bonos Corto Plazo Plus FI;0;2;ES0176232033;BBVA Asset Management SGIIC;1000;0,02;0,03;-0,13;-0,16;-0,23;-0,67;0,04;1,5;1,38;;;;48,0949;2;1,23;0,12;-0,88;0,01;0,85;0;0;0,15
-0,6;Bankia Fondtesoro Corto Plazo FI;0;0;ES0126525031;Bankia Fondos SGIIC;100;-0,05;-0,04;-0,11;-0,23;-0,38;-0,54;-0,31;0,65;0,92;;;;46,22297;;0,22;-1,1;-1,1;-0,02;0,75;0;0;0,07
-0,61;Fondinámico FI;0;3;ES0164526008;Inversis Gestión SGIIC;6;0;-0,2;-0,38;-0,14;1,15;-1,24;2,77;2,46;;9;;171,69295;18,34459;3;2,68;1,09;-1,01;0,24;0,9;0;0;0,1
-0,62;Bankinter Índice Español 2019 Garantizado FI;0;1;ES0113983003;Bankinter Gestión de Activos SGIIC;500;-0,02;0;-0,16;-0,21;-0,08;0,06;;;;;;;58,74045;;;;;;1,15;0;5;0,1
-0,64;Gestión Multiperfil Equilibrado FI;0;2;ES0125322018;Andbank Wealth Management SGIIC;1;0,05;0,21;-0,13;-0,74;0,96;-0,06;1,06;;;2;7;14402,92985;76,77804;3;2,83;0,39;-1,8;0,09;0,85;0;0;0,1
-0,66;GVC Gaesco Emergentfond FI;0;4;ES0140628035;GVC Gaesco Gestión SGIIC;0;-0,5;0,37;-0,93;-1,41;10,23;6,69;2,25;2,84;1,8;2;;6451,79257;20,09993;3;13,35;0,26;-0,75;0,29;1,5;0;0;0,1
-0,67;BBVA Bolsa USA (Cubierto) FI;0;1;ES0134599036;BBVA Asset Management SGIIC;600;1,34;3,18;0,39;-1,89;3,91;1,55;4,27;10,11;2,76;2;;76421,42423;187,06729;1;11,24;0,41;-1,45;0,38;2,25;0;0;0,2
-0,68;Bankia Monetario Euro Deuda (I) FI;0;0;ES0130353032;Bankia Fondos SGIIC;100;-0,03;-0,03;-0,08;-0,2;-0,37;-0,59;-0,36;0,54;;;;;73,68204;;0,15;-2,23;-2,21;-0,03;0,75;0;0;0,05
-0,68;Rural Renta Fija 1 FI;0;1;ES0126535030;Gescooperativo SGIIC;6;-0,07;-0,09;-0,19;-0,25;-0,1;0,11;0,05;0,5;0,91;;;;328,62123;3;0,56;0,27;0,26;0,01;0,7;0;0;0,05
-0,69;Fonengin ISR FI;1;1;ES0138885035;Caja Ingenieros Gestión SGIIC;500;-0,1;0,52;-0,29;-0,69;1,47;0,4;2,49;3,95;1,21;2;4;41346,22677;111,4152;3;3,76;0,73;-2,32;0,22;1,35;0;0;0,2
-0,71;Bankia Bonos Corto Plazo (I) FI;0;0;ES0116973035;Bankia Fondos SGIIC;100;-0,04;-0,06;-0,16;-0,31;-0,46;-0,61;-0,19;0,61;0,84;;;;175,41251;2;0,28;-0,41;-0,42;-0,01;1;0;0;0,15
-0,75;Santander Small Caps España A FI;0;1;ES0175224031;Santander Asset Management SGIIC;300;0,34;0,12;-0,77;1,27;3,87;0,37;7,24;12,34;0,56;8;;1167,93321;258,01217;5;15,52;0,59;0,83;0,76;2;0;0;0,1
-0,75;Eurovalor Estados Unidos FI;0;2;ES0133525032;Allianz Popular Asset Management SGIIC;600;1,74;3,91;2,26;0,54;9,29;1,86;11,36;13,6;4,66;2;;50835,97148;62,48438;2;11,74;0,98;-2,15;0,96;1,35;0;0;0,15
-0,76;CS Duración Flexible A FI;0;1;ES0126547035;Credit Suisse Gestión SGIIC;0;0;0,02;0,04;0,11;1,21;1,44;1,26;2,47;;;;;126,55317;2;2,26;0,61;-1,56;0,11;0,65;0;0;0,1
-0,78;Deutsche Crecimiento Conservador A FI;0;3;ES0139012001;Deutsche Asset Management SGIIC;1;0,16;0,46;0,27;-0,23;1,57;-0,24;;;;1;;34141,83267;160,66613;;;;;;0,95;0;0;0,1
-0,78;Cartesio X FI;0;1;ES0116567035;Cartesio Inversiones SGIIC;6000;-0,01;0,01;0,01;0,22;1,21;0,77;2,74;5,55;3,71;1;;12364,12823;406,85656;4;3,59;0,84;-0,8;0,25;0,5;0;0;0,08
-0,8;Santander Ahorro Garantizado 6 A FI;1;1;ES0174937005;Santander Asset Management SGIIC;1;-0,02;-0,04;-0,1;-0,24;-0,46;-0,72;;;;;;;86,36803;;;;;;0,9;0;5;0,1
-0,84;Gesconsult Renta Fija Flexible A FI;0;1;ES0138217031;Gesconsult SGIIC;0;0,31;0,14;-0,24;-0,57;1,33;0,12;2,09;2,72;1,84;5;;2357,38895;93,56563;3;4,57;0,53;-0,98;0,2;1,5;0;0;0,13
-0,86;Valentum FI;0;1;ES0182769002;Gesiuris Asset Management SGIIC;0;-0,78;-1,11;-3;-2,3;2,92;-0,46;;;;6;;1465,44848;20,40022;;;;;;1,35;0;0;0,1
-0,87;Bankinter Europa 2021 Garantizado FI;0;1;ES0147624037;Bankinter Gestión de Activos SGIIC;500;0,09;0,17;-0,19;-0,54;0,99;-0,31;;;;;;;35,11525;;;;;;0,9;0;5;0,1
-0,89;BBVA Bolsa USA FI;0;1;ES0110122035;BBVA Asset Management SGIIC;600;2,27;4,8;2,77;0,17;9,33;2,45;11,92;15,24;5,4;2;;80948,31419;205,41316;3;12,65;0,97;-2,76;1,02;2,25;0;0;0,2
-0,94;Rural Castilla La Mancha Retorno Absoluto FI;0;3;ES0174186009;Inversis Gestión SGIIC;0;0,04;-0,32;-0,55;-1,12;0,55;-0,27;;;;2;7;28569,24127;40,18144;;;;;;1,25;0;0;0,12
-0,94;Cartera Optima Prudente B FI;0;2;ES0133578031;Allianz Popular Asset Management SGIIC;5000;0;0,06;-0,21;-0,48;0,57;-0,25;0,95;1,8;0,24;2;4;25989,66815;2123,60801;2;2,3;0,49;-2,04;0,09;1,6;0;0;0
-0,98;Credit Suisse Equity Yield FI;0;1;ES0113288031;Credit Suisse Gestión SGIIC;0;0,1;0,96;0,24;0,65;4,05;0,77;2,34;3,93;;2;;25872,02851;9,59522;3;7,74;0,39;-0,68;0,24;0,4;0;0;0,1
-1,01;Eurovalor Mixto-15 FI;0;1;ES0138987039;Allianz Popular Asset Management SGIIC;600;-0,07;-0,02;0,32;0,01;1;-0,03;1,04;3,04;1,38;1;;25721,2453;384,36142;3;3,02;0,42;-1,42;0,1;1,6;0;0;0
-1,03;Rural Mixto 20 FI;0;1;ES0174266009;Gescooperativo SGIIC;300;-0,34;-0,39;-0,55;-0,34;0,78;0,38;;;;1;;10045,9009;192,93066;;;;;;1,25;0;3;0,05
-1,03;BBVA Bonos Duración Flexible FI;0;1;ES0113203030;BBVA Asset Management SGIIC;10000;0,21;0,36;0,45;0,75;0,3;-0,93;-0,64;1,25;;;;;104,85942;2;1,32;-0,46;-1,24;-0,05;0,65;0;0;0,05
-1,09;Trea Absolute 6 FI;0;3;ES0180677009;Trea Asset Management SGIIC;0;0,25;-0,88;0,94;0,71;-1,9;-3,21;;;;;;;3,53184;;;;;;1,35;0;0;0,12
-1,09;Intermoney Variable Euro FI;0;1;ES0155142039;Intermoney Gestión SGIIC;1;0,08;2,1;0,56;2,52;6,1;1,65;6,33;10,76;0,34;1;;9757,65369;8,47106;4;15,31;0,46;0,51;0,59;1,5;0;0;0,12
-1,11;March Cartera Decidida FI;1;3;ES0160747004;March Asset Management SGIIC;0;0,46;0,64;-0,79;-0,03;3,47;0,33;2,45;;;2;;8997,72665;12,48774;3;8,39;0,34;-1,89;0,24;1,35;0;0;0,1
-1,11;Cartera Optima Moderada A FI;0;2;ES0133878001;Allianz Popular Asset Management SGIIC;60000;0,08;0,37;-0,08;-0,39;1,61;-0,11;;;;2;7;25502,53851;1005,07063;;;;;;0,9;0;5;0
-1,11;Eurovalor Ahorro Dólar FI;0;2;ES0133501033;Allianz Popular Asset Management SGIIC;600;1,03;1,65;2,65;1,91;4,33;-0,06;6,24;4,49;2,14;;;;26,77158;;7,83;0,87;-1,06;0,56;1;0;0;0,1
-1,12;Bankinter Renta Dinámica FI;0;2;ES0114860036;Bankinter Gestión de Activos SGIIC;500;0;0,1;0,28;0,16;0,31;-0,62;0,09;;;2;;22917,72904;14,847;;2,48;0,16;;0,03;1,6;0;0;0,15
-1,13;BBVA Fon-Plazo 2016 D FI;0;1;ES0169992007;BBVA Asset Management SGIIC;600;0;-0,01;-0,02;-0,23;-0,62;-1;0,54;;;;;;84,66496;;1,21;0,57;;0,05;0,05;0;5;0
-1,14;Renta 4 Wertefinder FI;0;1;ES0173323009;Renta 4 Gestora SGIIC;10;-0,25;1,29;-1,21;-1,13;5,98;0,41;3,97;7,4;;3;;12082,51072;21,68916;4;9,59;0,49;-0,24;0,38;1,2;0;0;0,1
-1,19;Quality Inversión Conservadora FI;0;2;ES0172273007;BBVA Asset Management SGIIC;30000;0,17;-0,02;-0,3;-0,52;1,22;0,07;-1,13;0,72;;2;;29656,24374;2884,59078;2;2,92;-0,38;-2,56;-0,1;1;0;0;0,1
-1,21;BBVA Fon-Plazo 2016 E FI;0;1;ES0113927000;BBVA Asset Management SGIIC;600;0;-0,03;-0,13;-0,37;-0,71;-1,06;0,73;;;;;;125,98731;;1,28;0,69;;0,07;1,47;0;5;0,01
-1,23;Global Diversification Fund FI;0;1;ES0142459009;UBS Gestión SGIIC;0;-0,03;0,07;-0,02;-0,25;1,28;-0,18;0,98;2,41;;3;;16194,17999;7,11601;3;3,06;0,38;-1,44;0,09;1;0;0;0,1
-1,24;UBS Retorno Activo FI;0;2;ES0180931034;UBS Gestión SGIIC;0;-0,05;0,14;-0,57;-1,2;2,62;-0,1;1,19;2,61;0,71;2;;23584,95055;157,86804;3;3,89;0,37;-1,99;0,12;0,75;0;0;0,1
-1,26;BBVA Plan Rentas 2016 D FI;0;1;ES0133767006;BBVA Asset Management SGIIC;600;0;0;-0,09;-0,34;-0,7;-1,1;0,48;;;;;;22,26211;;1,18;0,53;;0,05;0,05;0;5;0
-1,27;Bankinter Dividendo Europa FI;0;1;ES0114802038;Bankinter Gestión de Activos SGIIC;600;0,38;3,41;2,84;2,42;4,4;0,5;7,72;9,97;-0,3;2;;20998,10645;319,56586;3;13,03;0,61;0,63;0,66;1,6;0;0;0,15
-1,27;BBVA Plan Rentas 2016 E FI;0;1;ES0113429007;BBVA Asset Management SGIIC;600;-0,01;-0,03;-0,13;-0,38;-0,74;-1,1;0,66;;;;;;51,87258;;1,28;0,64;;0,06;1,42;0;5;0,01
-1,28;Inveractivo Confianza FI;0;3;ES0147131033;Santander Asset Management SGIIC;300;-0,01;-0,02;0;0,06;0,82;-0,46;1,24;4,19;;2;;44182,47842;136,15714;3;3,1;0,45;-1,66;0,11;1,25;0;0;0,1
-1,3;Gestión del Ciclo FI;0;1;ES0116832009;Gesiuris Asset Management SGIIC;0;-0,6;-0,04;-0,97;-1,8;0,36;0,11;;;;2;8;13800,76831;3,30172;;;;;;1;0;0;0,1
-1,32;Rural Bonos 2 Años FI;0;1;ES0174372039;Gescooperativo SGIIC;300;-0,08;-0,11;-0,25;-0,41;-0,15;0,09;0,1;;;;;;77,53625;3;0,96;0,27;-0,79;0,02;1;0;0;0,05
-1,32;Renta 4 Japón FI;0;2;ES0173356033;Renta 4 Gestora SGIIC;0;2,15;-2,83;-2,21;-0,28;12,74;0,37;9,78;12,31;-0,85;3;;7004,41758;3,70157;2;16,01;0,72;-0,3;0,96;1,35;0;0;0,12
-1,36;Intermoney Gestión Flexible FI;0;1;ES0131385009;Intermoney Gestión SGIIC;10;0,1;0,58;0,11;0,8;1,62;-0,45;;;;2;;9384,77434;15,30294;;;;;;0,6;0;0;0,08
-1,37;Gestión Boutique Ginvest Smart FI;0;3;ES0116831035;Andbank Wealth Management SGIIC;10;0,2;-0,6;-0,43;-0,14;3,84;-0,05;1,89;;;5;;5033,28009;7,58244;3;7,02;0,33;-2,32;0,19;1,45;0;0;0,1
-1,42;Renta 4 Bolsa FI;0;1;ES0173394034;Renta 4 Gestora SGIIC;1;-1,34;-0,41;-1,63;-0,76;4,38;0,98;5,91;8,64;1,11;5;;6086,86834;37,6417;4;12,32;0,59;0,92;0,6;1,85;0;0;0,1
-1,43;Mutuafondo Dólar FI;0;1;ES0164986004;Mutuactivos SGIIC;10;0,14;1,85;2,22;2,6;4,34;-0,15;;;;;;;109,94495;;;;;;0,25;0;0;0,02
-1,47;Financialfond FI;0;3;ES0169009034;GVC Gaesco Gestión SGIIC;0;0,2;1,23;-0,12;0,31;4,11;1,19;5,02;5,68;2,14;2;5;10263,2499;11,6455;4;8,59;0,65;0;0,46;1,4;0;0;0,9
-1,51;Adriza Global FI;0;2;ES0182798001;Tressis Gestión SGIIC;0;0,23;2,37;3,45;7,77;10,42;2;1,35;7,42;;1;;11745,49449;15,84289;;12,62;0,17;;0,18;1,35;0;0;0,1
-1,52;NB Global Flexible 0-50 FI;0;1;ES0137942001;Novo Banco Gestión SGIIC;10;-0,24;0,7;0,36;-0,98;2,05;0,37;-0,1;2,84;;5;;7740,79515;12,04833;2;6,86;0,06;-1,73;0,03;1,2;0;0;0,05
-1,61;Smart Gestión Flexible FI;0;3;ES0176313007;Inversis Gestión SGIIC;1;-0,08;-0,47;-0,42;-0,79;3,8;-0,35;;;;8;;331,19013;4,34884;;;;;;1,25;0;0;0,1
-1,61;Etcheverría Mixto FI;0;1;ES0133509036;Alpha Plus Gestora SGIIC;10;0;0,38;0,29;0,51;1,32;1,23;1,13;3,7;-0,1;6;;1674,81544;3,48604;2;5,36;0,26;-1,01;0,11;1,05;0;0;0,1
-1,67;BBVA Bonos Dólar Corto Plazo FI;0;1;ES0114341037;BBVA Asset Management SGIIC;600;0,97;1,74;2,66;1,93;4,35;-0,51;6,23;3,62;1,51;;;;318,05295;;8,37;0,82;-1,24;0,57;1;0;0;0,1
-1,68;Alpha Plus Ibérico Acciones B FI;0;1;ES0108642010;Alpha Plus Gestora SGIIC;10;0,09;0,58;2,88;5,22;0,22;-0,11;;;;4;;2681,00896;51,51861;;;;;;2;0;0;0,1
-1,73;Santander RF Convertibles FI;0;0;ES0113661039;Santander Asset Management SGIIC;3000;0,25;0,47;0,12;0,42;2,03;-0,74;1,48;3,6;1,71;4;;4913,80887;112,27382;3;5,08;0,32;-1,04;0,13;1,25;0;0;0,1
-1,75;Rural Mixto 25 FI;0;1;ES0174431033;Gescooperativo SGIIC;300;-0,3;-0,27;-0,03;0,22;0,77;0,09;1,11;2,19;1,26;1;;13923,11802;630,85197;2;3,46;0,43;-1,28;0,12;1,5;0;0;0,1
-1,77;CS Director Income FI;0;2;ES0125126039;Credit Suisse Gestión SGIIC;0;-0,33;0,44;-0,39;-0,15;0,93;-0,17;1,42;1,43;;3;6;20142,02565;15,79816;2;3,55;0,48;-1,43;0,14;1;0;0;0,1
-1,78;Imantia Global Moderado FI;0;1;ES0169082031;Imantia Capital SGIIC;3000;0,16;0,16;0;-0,21;0,1;-1,3;1,92;3,26;2,41;6;8;11040,09612;11,01562;;3,21;0,65;;0,17;1;0;0;0,12
-1,82;Rural Mixto Internacional 25 FI;0;1;ES0174406035;Gescooperativo SGIIC;300;-0,21;0,31;-0,28;-0,04;1,38;0,11;2,19;3,59;1,92;2;;34001,32938;97,16762;3;3,65;0,69;-2,01;0,2;1,5;0;0;0,1
-1,86;Santander Select Moderado A FI;0;3;ES0107781017;Santander Asset Management SGIIC;1;0,11;-0,3;-0,29;-0,86;2,08;-0,56;1,99;;;2;8;34064,22425;3258,14797;3;4,7;0,47;-1,74;0,18;1,6;0;0;0,1
-1,86;GVC Gaesco Renta Fija FI;0;3;ES0169764034;GVC Gaesco Gestión SGIIC;0;-0,03;-0,05;0,15;-0,19;0,81;-0,01;-0,39;0,94;1,23;;;;7,06382;1;1,89;-0,13;-0,75;-0,02;1;0;0;0,15
-1,87;Santander Select Prudente S FI;0;1;ES0175835000;Santander Asset Management SGIIC;20000;0,01;-0,2;-0,32;-0,65;0,51;-1,05;0,36;1,13;;2;7;26092,10024;4364,70166;1;2,61;0,2;-1,77;0,04;1,1;0;0;0,1
-1,88;BNP Paribas Caap Moderado FI;0;1;ES0171954037;BNP Paribas Gestión de Inversiones SGIIC;600;0,27;0,51;0,17;-0,11;1,66;-1,01;1,63;2,68;0,92;2;;16314,40574;79,45881;2;4,2;0,43;-1,49;0,15;1,5;0;0;0,1
-1,89;Popular Selección I FI;0;2;ES0170417002;Allianz Popular Asset Management SGIIC;1000000;0,05;0,21;-0,17;-0,29;1,22;-0,58;3,02;3,85;;2;7;17575,93089;53,87281;;4,68;0,69;;0,26;0,35;0;0;0,03
-1,94;Eurovalor Compromiso ISR FI;0;2;ES0133560039;Allianz Popular Asset Management SGIIC;600;0,03;0,05;-0,91;-1,99;0,13;-1,3;-0,94;0,22;-0,14;3;5;21955,55023;6,38072;;4,72;-0,15;;-0,06;1,35;0;0;0,15
-1,94;Rural Mixto Internacional 15 FI;0;1;ES0156832000;Gescooperativo SGIIC;300;-0,19;0,21;-0,29;-0,18;0,78;0,12;;;;2;;42644,08918;59,40949;;;;;;1;0;3;0,05
-1,97;GVC Gaesco Renta Valor A FI;0;2;ES0143629006;GVC Gaesco Gestión SGIIC;1;0,07;0,13;-0,11;0,59;0,36;-1,12;1,14;;;4;;4403,48815;44,57194;3;2,58;0,53;-1,56;0,11;1,25;0;0;0,1
-2;Cartera Optima Moderada B FI;0;2;ES0133878035;Allianz Popular Asset Management SGIIC;5000;0,08;0,35;-0,16;-0,61;1,15;-0,88;1,79;3,6;0,93;2;7;25502,53851;1005,07063;3;4,26;0,48;-1,8;0,17;1,8;0;0;0
-2,01;Inverbanser FI;0;0;ES0155844030;Santander Asset Management SGIIC;1;0,41;0,83;0,72;0,11;3,28;1,25;4,79;7,78;2,55;1;;25175,98687;66,40393;4;9,35;0,57;-0,09;0,44;0,5;0;0;0
-2,14;Mutuafondo Fortaleza D FI;0;1;ES0165145014;Mutuactivos SGIIC;10;-0,13;0,08;0,03;-0,17;1,39;-0,9;;;;1;;10646,99756;66,8443;;;;;;1,25;0;0;0,02
-2,14;Gescooperativo Gestión Conservador FI;0;1;ES0174349037;Gescooperativo SGIIC;300;0,05;0,14;-0,22;-0,4;0,21;-0,69;0,73;1,48;0,6;2;;34379,66941;40,69377;2;2,64;0,34;-1,58;0,07;0;0;0;0,1
-2,15;Bankia Dólar FI;0;0;ES0159033036;Bankia Fondos SGIIC;100;0,17;2,01;2,19;2,58;4,06;-0,8;5,93;3,77;2,04;;;;32,97229;1;8,12;0,8;-2,15;0,54;1;0;0;0,08
-2,16;Welzia USA Equity FI;0;1;ES0184593004;Welzia Management SGIIC;100;-0,41;4,51;2,01;0,91;3,91;2,62;5,36;8,77;;1;;35606,54282;7,39337;1;12,72;0,43;-1,2;0,45;1,62;0;0;0,08
-2,17;DWS Crecimiento A FI;0;3;ES0125776031;Deutsche Asset Management SGIIC;6,01;0,53;1,41;0,91;0,31;4,52;-0,33;3,77;6,82;2,28;1;;34154,84643;120,25898;3;7,81;0,52;-1,43;0,34;1,24;0;0;0,1
-2,31;Santander Corto Plazo Dólar FI;0;1;ES0121748034;Santander Asset Management SGIIC;1;1,08;1,71;2,58;1,67;3,84;-1,06;5,67;3,53;1,04;;;;143,36364;;8,33;0,75;-2,15;0,52;1,7;0;0;0,1
-2,32;Gestión Multiperfil Inversión FI;0;2;ES0125322026;Andbank Wealth Management SGIIC;1;0,21;0,55;-0,18;-0,99;1,36;-1,36;2,41;;;3;7;20611,79039;121,3268;3;4,83;0,52;-1,41;0,2;1,05;0;0;0,1
-2,34;Gestión Boutique C2 Equilibrado FI;0;3;ES0116831027;Andbank Wealth Management SGIIC;10;0,05;-0,25;-0,55;-1,28;0,19;-1,66;0,47;;;2;;26906,59449;32,9162;2;3;0,21;-2,37;0,05;1,15;0;0;0,1
-2,34;Bankia Mixto Renta Fija 15 FI;0;0;ES0159141037;Bankia Fondos SGIIC;100;-0,24;-0,05;-0,32;-0,64;-0,12;-1,53;0,29;2,16;1,84;1;;34928,64184;410,04082;3;2,62;0,21;-1,77;0,04;1,3;0;0;0,1
-2,34;Gestión Boutique II Aspain 11 Patrimonio FI;0;3;ES0168797019;Andbank Wealth Management SGIIC;0;0,06;-0,33;0,43;-0,21;2,74;-0,43;;;;2;5;18122,00814;3,00888;;;;;;1,25;0;0;0,08
-2,42;Santander Multigestión FI;0;3;ES0114271036;Santander Asset Management SGIIC;1;0,07;-0,43;-0,46;-0,47;1,13;-1,81;-0,82;-0,08;0,52;2;7;16676,6815;47,78608;;2,26;-0,34;;-0,07;1,4;0;0;0,1
-2,43;Santander Selección RV Norteamérica FI;0;1;ES0121761037;Santander Asset Management SGIIC;300;0,5;-0,21;0,26;-1,91;7,02;0,97;11,58;13,96;4,89;2;;50834,97048;231,16832;3;12,37;1,01;-2,14;1,03;2,25;0;0;0,15
-2,43;Santander Selección RV Japón FI;1;2;ES0112757036;Santander Asset Management SGIIC;1;-0,05;-2,56;1,01;2,75;10,8;-1,05;7,95;9,4;-0,3;2;;10549,45108;17,87705;2;14,76;0,64;-1,6;0,79;2,2;0;0;0,1
-2,49;Alcalá Ahorro FI;0;2;ES0107696033;Gesalcalá SGIIC;6;0,08;0,1;-0,21;-0,77;-0,3;-2,12;0,5;1,63;0,91;2;;10295,96446;4,62983;2;2,54;0,24;-1,72;0,05;0,9;0;0;0,02
-2,56;Bankia Evolución Moderado FI;0;0;ES0105578035;Bankia Fondos SGIIC;100;0,18;-0,33;-0,18;-0,42;1,37;-1,24;1,03;1,4;0,43;3;7;11869,33844;215,03497;;3,81;0,36;;0,11;1,2;0;0;0,1
-2,61;Foncess Flexible FI;0;3;ES0164949002;Andbank Wealth Management SGIIC;50;0,18;-0,51;-0,05;-0,2;0,72;-1,9;1,93;3,52;;2;;20521,32557;20,84381;3;4,02;0,57;-1,38;0,18;1,5;0;0;0,1
-2,62;Gestión Boutique II Awa Flexible FI;0;3;ES0168797027;Andbank Wealth Management SGIIC;0;0,13;-0,84;-1,48;-1,79;2,13;-2,18;;;;3;8;14745,0694;4,21415;;;;;;1,1;0;0;0,08
-2,63;Gestión Boutique EP EAFI Retorno Absoluto FI;0;3;ES0116831076;Andbank Wealth Management SGIIC;10;0;-0,03;-0,18;-0,58;1,02;-2,09;;;;;;;1,93362;;;;;;1;0;0;0,1
-2,63;CS Director Flexible FI;0;2;ES0125102030;Credit Suisse Gestión SGIIC;0;-0,59;0,87;-0,08;-0,09;3,22;-0,82;4,8;4,43;2,23;3;9;12957,88186;19,76102;4;7,64;0,67;-0,64;0,42;1,35;0;0;0,1
-2,64;Cartera Optima Flexible B FI;0;2;ES0133613036;Allianz Popular Asset Management SGIIC;5000;0,04;0,27;-0,34;-1,02;1,35;-1,24;1,67;3,93;0,34;2;;22720,71087;74,70928;3;5,06;0,41;-2,41;0,17;1,85;0;0;0
-2,68;Santander Tándem 20-60 FI;0;0;ES0145814036;Santander Asset Management SGIIC;1;0,44;1,01;0,63;-0,15;1,94;-1,08;2,63;6,27;0,24;1;;51167,03881;619,94716;3;7,44;0,38;-1,12;0,23;1,85;0;0;0,2
-2,69;Renta 4 Cartera Selección Dividendo FI;0;1;ES0173362031;Renta 4 Gestora SGIIC;5;-0,85;0,92;-0,64;-1,52;4,66;1,4;4,19;5,6;-0,32;2;;45573,8262;14,33095;3;11,14;0,43;-0,08;0,4;1,2;0;0;0,1
-2,7;Mutuafondo Valores D FI;0;1;ES0165241003;Mutuactivos SGIIC;10;-0,5;-0,03;-1,46;-1,85;-0,73;-2,24;5,48;12,79;;5;;1639,4901;70,28839;4;15,3;0,48;0,31;0,61;1,5;0;0;0,02
-2,78;Bankinter Mixto Renta Fija FI;0;1;ES0114793039;Bankinter Gestión de Activos SGIIC;500;-0,09;0,43;-0,05;-0,3;0,77;-1,77;2,5;4,61;2,13;2;;31013,26508;314,41217;4;4,09;0,66;-1,1;0,22;1,35;0;0;0,15
-2,82;Bankia Mixto Renta Fija 30 FI;0;0;ES0170271037;Bankia Fondos SGIIC;100;-0,34;0,07;-0,13;-0,18;0,69;-1,5;0,53;2,05;1,62;1;;39249,51649;82,33961;3;3,77;0,21;-1,75;0,06;1,35;0;0;0,08
-2,86;BBVA Gestión Moderada FI;0;2;ES0113993036;BBVA Asset Management SGIIC;600;0,18;0,26;-0,4;-1,02;1,6;-1,43;2,08;4,88;0,77;2;;44413,63911;193,57842;3;5,98;0,38;-1,88;0,18;1,35;0;0;0,1
-2,87;Bankia Garantizado Bolsa 3 FI;0;0;ES0159078031;Bankia Fondos SGIIC;100;-0,39;-0,49;-0,49;-1,02;-1,12;-1,93;;;;;;;92,39344;;;;;;0,9;0;5;0,1
-2,87;Best Manager Selection FI;1;3;ES0145807006;Amundi Iberia SGIIC;0;0,18;-0,67;-0,88;-1,18;2,38;-0,9;4;6,33;;2;7;12212,12202;69,21835;4;6,93;0,65;-1,75;0,37;1,35;0;0;0,1
-2,88;Welzia Ahorro 5 FI;0;1;ES0184694034;Welzia Management SGIIC;100;0,72;0,98;0,69;0,23;0,45;-1,57;0,07;2,62;0,38;2;;11917,75888;56,12133;2;3,41;0;-2,73;0;0,7;0;0;0,08
-2,89;Cartesio Y FI;0;1;ES0182527038;Cartesio Inversiones SGIIC;6000;-0,56;-0,21;-0,79;-0,9;-0,42;-2,83;3,21;7,82;3,78;1;;12942,55874;222,6817;5;7,47;0,53;-0,48;0,33;0,75;0;0;0,08
-2,91;Santander Inversión Flexible A FI;0;3;ES0175078031;Santander Asset Management SGIIC;300;0,01;-0,13;-0,05;-0,22;-1,24;-3,06;-0,99;0,54;;2;;24215,87834;179,58552;2;0,97;-1;-1,47;-0,08;1,05;0;0;0,1
-2,95;Bankia Soy Así Dinámico FI;0;0;ES0158986036;Bankia Fondos SGIIC;100;0,25;-0,14;0,05;-0,37;2,92;-1,1;3,33;5,35;1,65;3;8;23420,33886;63,90692;3;7,08;0,54;-2,2;0,31;1,75;0;0;0,1
-2,98;Popular Selección A FI;0;2;ES0170417010;Allianz Popular Asset Management SGIIC;600;0,04;0,19;-0,27;-0,57;0,65;-1,53;1,87;2,7;;2;7;17575,93089;53,87281;;4,67;0,45;;0,17;1,35;0;0;0,15
-2,98;Global Value Selection FI;0;1;ES0142338005;UBS Gestión SGIIC;5;0,43;0,77;0,26;-0,01;2,56;-1,71;2,89;4,22;;2;7;8844,63443;45,92056;3;6,85;0,48;-1,62;0,27;0,9;0;0;0,08
-3;Eurovalor Mixto-30 FI;0;1;ES0133745036;Allianz Popular Asset Management SGIIC;600;-0,12;0,02;0,88;0,43;1,48;-0,98;0,53;2,98;0,49;1;;25806,48804;111,74846;2;4,85;0,19;-1,31;0,07;2;0;0;0
-3,01;BBVA Gestión Conservadora FI;0;2;ES0110178037;BBVA Asset Management SGIIC;600;0,09;0,09;-0,36;-0,94;0;-2,04;-0,21;1,94;-0,12;2;;45164,49751;420,30976;2;3,62;-0,03;-2,04;-0,01;2;0;0;0,2
-3,2;March New Emerging World FI;1;3;ES0160933000;March Asset Management SGIIC;0;-0,15;0,76;-3,98;-2,68;5,69;0,55;-0,15;1,68;;2;;11307,36959;2,3277;2;12,46;0,08;-1,02;0,08;1,9;0;0;0,1
-3,24;Cartera Óptima Decidida B FI;0;2;ES0133620031;Allianz Popular Asset Management SGIIC;5000;0,23;0,7;-0,19;-0,91;1,93;-1,63;3,47;5,83;1,09;2;;26441,39971;276,13233;3;6,76;0,58;-1,81;0,32;2;0;0;0
-3,29;Caja Ingenieros 2019 Bolsa Europa Garantizado FI;1;2;ES0157327000;Caja Ingenieros Gestión SGIIC;1000;-0,16;0,44;-0,04;0,43;1,38;-1,74;;;;;7;;25,26661;;;;;;1;0;5;0,2
-3,42;Gescooperativo Gestión Decidido FI;0;1;ES0174304032;Gescooperativo SGIIC;300;0,59;1,64;1,97;1,4;3,92;-0,46;4,17;6,09;1,22;2;;31729,79095;11,01284;3;7,24;0,61;-1,36;0,36;0;0;0;0,2
-3,43;BBVA Solidaridad FI;0;1;ES0114279039;BBVA Asset Management SGIIC;600;0,2;0,54;0,16;-0,37;0,4;-2,32;-0,17;2,35;0,32;;;;14,62926;1;4,3;-0,02;-1,94;-0,01;1,7;0;0;0,05
-3,46;Gestión Boutique C2 Dinámico FI;0;3;ES0116831019;Andbank Wealth Management SGIIC;10;0,08;-0,42;-0,87;-2,03;0,23;-2,4;1,24;;;2;4;27873,62623;13,60756;2;4,75;0,32;-2,37;0,12;1,15;0;0;0,1
-3,47;Eurovalor Global Convertibles FI;0;2;ES0133579005;Allianz Popular Asset Management SGIIC;600;-0,17;0,15;-0,92;-0,41;1,41;-1,51;1,05;4,04;;4;8;;10,8634;2;5,51;0,24;-1,3;0,11;1,15;0;0;0,1
-3,51;Caja Ingenieros Gestión Alternativa FI;2;2;ES0142547035;Caja Ingenieros Gestión SGIIC;1000;0,06;-0,35;-0,45;-1,61;0,14;-2,92;-2,19;-1,32;-0,56;2;7;14487,89064;10,76396;;3,17;-0,65;;-0,18;1,35;0;0;0,2
-3,59;Gesrioja FI;0;2;ES0142440033;Novo Banco Gestión SGIIC;6;0,27;0,94;-1,25;-1,79;-0,6;-2,07;3,34;3,56;-1,99;;;;3,68798;2;8,62;0,4;-0,78;0,28;1,5;0;0;0,12
-3,63;BBVA Oportunidad Europa Garantizado FI;0;1;ES0114211008;BBVA Asset Management SGIIC;600;0,83;1,31;0,93;0,39;0,67;-2,73;2,62;;;;;;171,86992;;5,39;0,49;;0,21;1,56;0;5;0,05
-3,75;Adriza International Opportunities Fund FI;0;2;ES0119375006;Tressis Gestión SGIIC;0;0,46;4,33;1,12;-2,66;-2,31;-2,25;;;;1;;37440,54305;3,55396;;;;;;1,35;0;0;0,1
-3,77;Rural Multifondo 75 FI;0;2;ES0174432031;Gescooperativo SGIIC;300;0,38;0,97;-0,53;-1,33;2,19;-2,05;4,13;7,34;1,53;3;8;20550,34039;29,30018;4;8,42;0,56;-1,22;0,39;2,25;0;0;0,2
-3,78;Quality Inversión Moderada FI;0;2;ES0172242002;BBVA Asset Management SGIIC;600;0,31;0,07;-0,31;-0,82;2,81;-1,44;-0,61;3,93;;2;5;36256,92467;4598,28283;2;6,57;-0,06;-2,38;-0,04;1,2;0;0;0,1
-3,79;Bankinter Mercado Europeo II FI;0;1;ES0114830039;Bankinter Gestión de Activos SGIIC;500;0,14;0,11;-0,58;-1,78;-0,39;-2,56;;;;;;;23,74511;;;;;;0,5;0;5;0,1
-3,81;Gescafondo FI;0;1;ES0124506033;Novo Banco Gestión SGIIC;6;-0,05;1,22;-0,09;0,08;2,3;-1,89;4,12;5,46;1,92;3;7;33577,45684;14,10572;;6,02;0,72;;0,36;0,7;0;0;0,1
-3,88;BBVA Rendimiento Europa FI;0;1;ES0113455036;BBVA Asset Management SGIIC;600;0,74;1,12;0,69;0,37;0,45;-2,85;;;;;;;110,4822;;;;;;1,1;0;5;0
-3,94;Gesiuris Euro Equities FI;0;1;ES0116829039;Gesiuris Asset Management SGIIC;0;-0,2;1,35;0,24;1,2;4,85;-0,75;4,73;9,05;0,93;1;;52222,41684;4,34038;3;14,46;0,4;0,04;0,47;2,25;1,35;0;0,1
-3,97;Cartera Optima Dinámica B FI;0;2;ES0133664039;Allianz Popular Asset Management SGIIC;5000;0,24;1,41;-0,03;-1,38;5,11;-1,52;7,46;10,53;2,95;3;;33272,11322;199,94108;3;12,17;0,7;-1,29;0,7;2,25;0;0;0
-3,97;NB Global Flexible 0-100 FI;0;1;ES0150036038;Novo Banco Gestión SGIIC;10;-0,13;1,36;-1,03;-1,45;2,48;-2,01;0,5;4,49;-0,18;5;;7647,58812;18,95718;3;9,95;0,14;-1,19;0,11;1,5;0;0;0,05
-4,05;Gesconsult Talento FI;0;3;ES0141991002;Gesconsult SGIIC;0;0,5;-0,51;0,43;0,53;0,96;-2,05;0,01;;;5;;5276,90469;10,14115;2;5,93;0,08;-1,91;0,03;1,35;0;0;0,1
-4,05;CS Director Growth FI;0;2;ES0143673038;Credit Suisse Gestión SGIIC;0;-0,43;1,44;0,79;1,05;4,69;-1,08;3,41;5,69;;3;6;10835,14416;14,81753;4;8,68;0,43;-0,86;0,31;1,35;0;0;0,1
-4,06;NB Best Managers FI;0;1;ES0115073035;Novo Banco Gestión SGIIC;100;0,54;0,65;0;-0,62;1,51;-2,98;;;;2;;7197,46844;14,81656;;;;;;1,6;0;0;0,05
-4,09;Caja Ingenieros Renta FI;1;1;ES0114986039;Caja Ingenieros Gestión SGIIC;6;-0,65;0,15;-2,3;-4,33;-1,28;-3,4;1,99;6,53;0,09;2;4;16758,72083;30,19449;3;7,84;0,36;-0,79;0,23;1,35;0;0;0,2
-4,12;atl Capital Cartera Patrimonio FI;0;2;ES0111167005;Atl 12 Capital Gestión SGIIC;10;0,24;0,48;-0,04;0,08;0,23;-2,91;0,51;2,83;;2;;14223,40712;50,92365;3;3,94;0,17;-1,59;0,05;1;0;0;0,1
-4,13;Alcalá Bolsa Mixto FI;0;2;ES0107692032;Gesalcalá SGIIC;6;0,15;0,2;-0,36;-1,49;-0,31;-3,11;0,85;2,89;0,72;2;;14414,3409;10,65832;3;4,79;0,23;-1,46;0,09;0,75;0;0;0,08
-4,2;Harmatan Cartera Conservadora FI;0;2;ES0154974036;Tressis Gestión SGIIC;10;-0,2;-0,18;-0,81;-1,58;-0,53;-3,76;0,42;2,04;1,47;2;7;28107,34068;34,29638;2;3,57;0,19;-2,47;0,05;1;0;0;0,1
-4,23;GVC Gaesco Oportunidad Empresas Inmobiliarias R.V. FI;0;3;ES0143628008;GVC Gaesco Gestión SGIIC;0;-0,76;-1,2;-2,62;-7,48;-3,6;-6,98;8;9,61;;5;;2356,78138;8,98228;3;10,81;0,83;-0,41;0,74;2,25;0;0;0,09
-4,24;Bankinter Índice Bolsa Española Garantizado FI;0;2;ES0114857032;Bankinter Gestión de Activos SGIIC;500;-0,12;-0,04;0,15;-0,35;-0,5;-2,6;1,02;;;;;;24,2677;;;;;;1,3;0;5;0,1
-4,25;BNP Paribas Caap Equilibrado FI;0;2;ES0171955034;BNP Paribas Gestión de Inversiones SGIIC;600;0,58;1,12;0,45;0,14;3;-2,7;2,64;5,46;1,9;2;7;16891,7162;92,53159;3;7,36;0,41;-1,93;0,25;1,6;0;0;0,1
-4,26;Alcalá Global FI;0;2;ES0107693030;Gesalcalá SGIIC;6;0,41;0,63;0,09;-1,17;0,86;-2,91;1,88;3,82;1,32;2;;20167,04952;7,51724;3;6,17;0,38;-2,44;0,19;1,25;0;0;0,08
-4,29;Gestión Boutique Yeste Patrimonial FI;0;3;ES0116831043;Andbank Wealth Management SGIIC;10;0;0,04;0,05;-0,73;1,17;-1,63;;;;5;7;5678,42569;1,16084;;;;;;1,3;0;0;0,1
-4,29;Rural Renta Fija Internacional FI;0;1;ES0174368037;Gescooperativo SGIIC;300;0,06;1,26;1,5;1;1,86;-2,11;3,74;1,82;0,8;;;;9,25089;2;6,23;0,67;0,02;0,34;1,75;0;0;0,05
-4,33;Santander Acciones Euro A FI;0;1;ES0114063037;Santander Asset Management SGIIC;500;1,7;3,05;2,86;2,65;6,98;-0,06;3,55;10,53;0,88;1;;29319,59498;403,45329;3;13,85;0,3;-0,59;0,34;2,15;0;0;0,2
-4,36;Gestión Multiperfil Dinámico FI;0;2;ES0125322034;Andbank Wealth Management SGIIC;1;0,3;0,8;-0,3;-1,3;1,82;-3,11;2,43;;;2;7;20669,91446;38,13457;3;6,86;0,39;-1,9;0,22;1,25;0;0;0,1
-4,36;BBVA Mejores Ideas (Cubierto) MF FI;0;2;ES0141754038;BBVA Asset Management SGIIC;600;0,37;-0,27;-1,73;-3,07;4,09;-0,69;-0,05;7,16;-0,24;3;;21448,95069;15,15997;1;10,9;0,05;-1,72;0,04;2,25;0;0;0,2
-4,36;Gestión Boutique II Aspain 11 Equilibrado FI;0;3;ES0168797001;Andbank Wealth Management SGIIC;0;0,15;-0,51;0;-0,4;4,29;-2,06;;;;3;8;15514,80672;2,5405;;;;;;1,25;0;0;0,08
-4,5;DWS Mixta A FI;0;0;ES0125785032;Deutsche Asset Management SGIIC;60,1;-0,43;-0,31;-0,69;-0,63;0,77;-1,87;3,16;5,96;1,64;5;;6123,43458;31,41749;4;7,77;0,5;-0,44;0,32;1,75;0;0;0,1
-4,52;Renta 4 Multigestión 2 Sant Ignasi Fund FI;0;1;ES0174741001;Renta 4 Gestora SGIIC;10;0;-0,03;-0,17;-0,63;-1,29;-4,28;;;;;;;0,41709;;;;;;1,2;0;0;0,1
-4,53;GVC Gaesco Multinacional FI;0;3;ES0140634033;GVC Gaesco Gestión SGIIC;0;2,89;5,74;4,15;6,78;17,57;2,58;5,6;12,3;0,75;1;;28820,54173;10,04579;1;18,91;0,35;-0,46;0,55;2,25;0;0;0,1
-4,56;Gestión Boutique Adaia Selección Renta Variable Internacional FI;0;3;ES0116831084;Andbank Wealth Management SGIIC;10;-0,03;-0,65;-0,38;-0,98;2,95;-1,2;;;;1;;9735,67365;4,3138;;;;;;1,5;0;0;0,1
-4,72;Alpha Plus Gestión Flexible B FI;0;1;ES0108701014;Alpha Plus Gestora SGIIC;10;-0,33;0,17;1,43;3;1,12;-0,13;2,54;5,76;;4;;2434,57782;37,36429;3;9,63;0,35;-0,35;0,28;1,3;0;0;0,1
-4,74;Fongrum/Valor FI;0;2;ES0138876034;Atl 12 Capital Gestión SGIIC;300;0,48;0,85;0,13;-0,03;1,27;-1,63;2,39;5,73;;1;;19110,81563;27,25993;4;6,28;0,43;-1,57;0,22;0,65;0;0;0,1
-4,79;BBVA Bolsa Desarrollo Sostenible FI;0;1;ES0125459034;BBVA Asset Management SGIIC;600;1,7;3,68;1,57;-0,33;7,67;-1,6;7,07;11,29;1,58;2;;130499,4139;43,3748;3;12,62;0,61;-1,65;0,63;2,25;0;0;0,2
-4,84;Quality Mejores Ideas FI;0;2;ES0110119031;BBVA Asset Management SGIIC;600;0,4;0;-0,75;-2,75;6,21;-0,97;5,13;11,25;2,69;3;;21698,34029;318,83894;3;11,81;0,52;-2,04;0,51;1,35;0;0;0,15
-4,86;CS Global AFI FI;0;1;ES0142537036;Credit Suisse Gestión SGIIC;0;0,58;1,62;0,57;-0,35;0,44;-2,88;-1,37;2,23;0,02;2;;26512,54441;3,67032;2;8,16;-0,11;-1,98;-0,08;1,35;0;0;0,1
-4,87;Oportunidades Globales FI;0;3;ES0173951031;Andbank Wealth Management SGIIC;1;0,23;-0,54;1,24;1,53;4,42;-2,34;5,27;5,9;;2;;25771,41335;6,90059;4;8,85;0,65;-0,58;0,47;1,15;0;0;0,1
-4,9;Gesconsult León Valores Mixto Flexible A FI;0;1;ES0175604034;Gesconsult SGIIC;0;0,71;0,28;-0,22;-0,14;0,81;-4,09;3,27;5,33;1,45;5;;2424,4364;53,44738;3;9,36;0,47;-0,25;0,36;2;0;0;0,13
-4,97;BBVA Bolsa Japón FI;1;3;ES0147634036;BBVA Asset Management SGIIC;600;-4,46;-4,97;-3,23;-3,94;7,28;-2,62;8,35;9,91;1,4;3;;12955,62483;18,92862;3;15,52;0,73;-0,52;0,94;2,25;0;0;0,2
-4,99;NB Bolsa USA Selección FI;0;2;ES0133338030;Novo Banco Gestión SGIIC;10;2,13;4,95;3,09;2,37;8,35;-2,92;8,16;11,81;2,87;3;;61406,83876;5,80781;1;12,71;0,69;-1,9;0,72;1,45;0;0;0,05
-5;Eurovalor Dividendo Europa FI;0;1;ES0127025031;Allianz Popular Asset Management SGIIC;600;1,03;2,8;1,91;0,78;3,16;-3;4,98;6,95;0,42;1;;30037,91318;76,42677;3;11,75;0,47;-0,19;0,45;1,9;0;0;0,15
-5,01;Bankia Mixto Renta Variable 50 FI;0;0;ES0181693039;Bankia Fondos SGIIC;100;-0,41;0,2;0,22;-0,21;0,42;-2,96;0,79;2,93;1,97;1;;35101,7804;22,80591;3;5,75;0,21;-1,48;0,09;1,5;0;0;0,14
-5,09;BBVA Gestión Decidida FI;0;2;ES0113996039;BBVA Asset Management SGIIC;600;0,3;0,37;-0,37;-1,33;2,52;-2,66;2,61;6,32;-0,59;2;;43212,0749;86,82325;3;10,02;0,3;-0,8;0,25;2,2;0;0;0,2
-5,13;Fonditel Smart Beta A FI;0;3;ES0164466007;Fonditel Gestión SGIIC;50;-0,06;-0,08;-0,06;-0,75;-1,64;-4,02;-1,63;;;1;;11551,07719;51,40261;;;;;;1,35;0;0;0,5
-5,15;GVC Gaesco 300 Places Worldwide A FI;0;3;ES0157638000;GVC Gaesco Gestión SGIIC;0;0,38;3,12;3,94;4,79;2,56;-2,21;;;;6;;8469,47179;14,13044;;;;;;2,25;0;0;0,09
-5,15;GVC Gaesco Retorno Absoluto A FI;0;2;ES0138233038;GVC Gaesco Gestión SGIIC;0;1,67;3,96;2,67;1,4;1,8;-3,32;1,21;5,14;2,34;;;;74,05824;;7,03;0,13;;0,07;1,35;0;0;0,1
-5,16;Bankinter Bolsa Europea 2018 Garantizado FI;0;2;ES0113584009;Bankinter Gestión de Activos SGIIC;500;0,26;0,55;0,21;-0,23;-0,01;-3,59;;;;;;;37,42681;;;;;;1,25;0;5;0,1
-5,17;Santander Acciones Españolas C FI;0;1;ES0138823002;Santander Asset Management SGIIC;100000;0,25;1,21;1,35;3,95;4,67;-1,2;5,06;8,39;;4;;5471,21256;667,50459;4;14,24;0,45;0,8;0,53;1,45;0;0;0,15
-5,23;Altair Bolsa FI;0;1;ES0108525009;Renta 4 Gestora SGIIC;10;0,1;2,06;0,36;0,35;4,6;-2,09;;;;1;;55331,08413;5,3684;;;;;;1,35;0;0;0,1
-5,23;CS Global Fondos Gestión Activa FI;0;2;ES0132214034;Credit Suisse Gestión SGIIC;0;0,27;0,62;-0,5;-0,97;1,45;-4,53;1,34;2,66;;2;7;18131,91496;14,57251;2;7,15;0,24;-2,2;0,14;1,5;0;0;0,1
-5,29;GVC Gaesco Japón FI;1;4;ES0141113037;GVC Gaesco Gestión SGIIC;0;5,49;1,16;4,51;3,52;10,01;-2;8,09;12,78;0,67;2;;9818,47286;14,44709;2;16,44;0,59;-0,57;0,8;2,25;0;0;0,1
-5,31;Atl Capital Best Managers Flexible FI;0;2;ES0111171031;Atl 12 Capital Gestión SGIIC;10;0,2;0,45;-0,17;-0,84;0,17;-4,26;1,46;4,04;0,53;2;;10158,44127;27,98766;2;5,53;0,33;-1,95;0,15;1,25;0;0;0,1
-5,32;Rural Mixto 50 FI;0;1;ES0174398034;Gescooperativo SGIIC;300;-0,7;-0,58;0,2;0,54;1,34;-1,03;0,47;2,61;-0,16;1;;17313,36502;48,96309;2;6,67;0,17;-1,06;0,09;2;0;0;0,1
-5,34;Bankia Small & Mid Caps España FI;0;0;ES0138800034;Bankia Fondos SGIIC;100;-0,57;0,33;-0,11;0,6;2,78;-1,61;3,16;9,49;1,05;9;;960,29168;28,77254;4;15,31;0,31;0,37;0,39;2;0;0;0,1
-5,41;BBVA Crecimiento Europa FI;0;1;ES0113817003;BBVA Asset Management SGIIC;600;1,17;2,45;1,6;0,17;1,22;-3,89;0,91;;;;;;53,79605;;6,48;0,18;;0,09;1,73;0;5;0,05
-5,42;Mutuafondo Fondos D FI;0;2;ES0165194004;Mutuactivos SGIIC;10;0,82;1,75;-0,16;-1,83;3,83;-3,78;6,34;9,76;;3;;17440,0235;16,60857;3;10,9;0,66;-1,52;0,59;1,5;0;0;0,02
-5,44;NB Euro/Dólar 80 FI;0;1;ES0138367000;Novo Banco Gestión SGIIC;10;0,21;0,49;1,35;0,87;2,92;5,15;;;;;;;3,21882;;;;;;0,75;0;5;0,05
-5,46;Eurovalor Mixto-50 FI;0;1;ES0133875031;Allianz Popular Asset Management SGIIC;600;-0,18;0,1;1,74;1,12;2,22;-2,14;0,07;3,31;-0,13;1;;25812,01411;47,24876;2;7,63;0,09;-1,12;0,05;2,25;0;0;0
-5,46;Rural Renta Variable Internacional FI;0;1;ES0175736034;Gescooperativo SGIIC;300;0,12;3,32;1,71;3,09;6,27;-1,36;7,32;10,97;2,71;1;;43679,04758;17,21451;3;13,44;0,6;-0,93;0,67;2,25;0;0;0,2
-5,49;Santander Acciones Españolas B FI;0;1;ES0138823010;Santander Asset Management SGIIC;20000;0,25;1,2;1,32;3,86;4,48;-1,5;4,7;;;4;;5471,21256;667,50459;5;14,23;0,43;0,74;0,5;1,8;0;0;0,15
-5,63;Gesconsult Renta Variable A FI;0;1;ES0137381036;Gesconsult SGIIC;6,01;0,98;0,5;0,03;0,77;0,61;-4,09;2,48;7,44;1,59;4;;1767,41091;38,02796;5;13,36;0,3;0,41;0,33;2,25;0;0;0,13
-5,67;Merch-Eurounión FI;0;2;ES0162211033;Merchbanc SGIIC;0;0,58;3,5;3,09;2,65;6,39;-1,95;-0,34;1,42;2,02;1;;32161,26816;4,1849;3;9,2;-0,05;-1,14;-0,05;1,25;0;0;0,1
-5,7;Bankia Evolución Decidido FI;0;0;ES0117184038;Bankia Fondos SGIIC;100;0,19;-0,29;-0,49;-0,76;2,62;-2,58;3,68;3,04;0,16;3;8;16490,99013;22,60129;;7,38;0,56;;0,34;1,75;0;0;0,1
-5,71;Fondemar de Inversiones FI;0;3;ES0138053030;Renta 4 Gestora SGIIC;0;-0,22;0,98;0,59;0,03;1,72;-0,65;-1,29;1,44;-2,96;1;;7513,87116;5,83446;1;9,46;-0,1;-1,1;-0,08;1;0;0;0,1
-5,71;Quality Inversión Decidida FI;0;2;ES0157663008;BBVA Asset Management SGIIC;30000;0,5;0,09;-0,26;-1,1;4,48;-2,24;-0,23;6,81;;2;8;38107,73987;536,90946;2;10,01;0,03;-2,14;0,02;1,65;0;0;0,1
-5,82;Santander Acciones Españolas A FI;0;1;ES0138823036;Santander Asset Management SGIIC;500;0,25;1,2;1,28;3,76;4,3;-1,78;4,34;7,52;-0,07;4;;5471,21256;667,50459;4;14,23;0,4;0,68;0,47;2,15;0;0;0,15
-5,83;BNP Paribas Caap Dinámico FI;0;2;ES0171956032;BNP Paribas Gestión de Inversiones SGIIC;600;0,81;1,5;0,54;0,17;3,59;-4,12;3,51;7,11;2,33;2;7;17634,05473;27,69577;4;9,5;0,44;-1,94;0,34;1,7;0;0;0,1
-5,83;EDM Cartera FI;0;3;ES0128331008;EDM Gestión SGIIC;0;0,59;2,01;-0,72;-2,73;3,95;-2,03;2,53;7,66;;3;;15989,48133;14,4309;2;12,54;0,27;-1,72;0,28;2,25;0;0;0,1
-5,85;Rural Europa Garantía FI;0;1;ES0174399032;Gescooperativo SGIIC;300;-0,17;0,47;-0,26;-0,41;-0,67;-4,06;0,49;;;;;;19,05639;;5,42;0,13;;0,06;1;0;3;0,05
-5,96;GVC Gaesco Fondo de Fondos FI;0;4;ES0140633035;GVC Gaesco Gestión SGIIC;0;0,88;2,03;0,9;0,6;8,41;-1,87;7,76;11,94;3,1;2;;11340,47078;27,0434;3;13,84;0,64;-0,63;0,74;1,5;0;0;0,1
-5,98;Renta 4 Multigestión Total Opportunity FI;0;1;ES0173311038;Renta 4 Gestora SGIIC;1;0,42;0,75;1,42;2,76;7,64;5,19;-1,51;;;5;;1389,29643;0,87424;1;15,58;0;-0,59;0;1,35;0;0;0,1
-6;W4I European Opportunities B FI;0;1;ES0184526012;Renta 4 Gestora SGIIC;10;0,71;1,84;-4,66;-6,44;-0,94;-8,1;;;;6;;6804,81998;13,22516;;;;;;1,35;0;0;0,1
-6,03;Santander Objetivo Rendimiento Europa FI;0;2;ES0174977001;Santander Asset Management SGIIC;30000;0,19;-0,14;0;0,13;0,08;-4,02;;;;;;;32,47293;;;;;;1,23;0;5;0,1
-6,05;Caminos Bolsa Oportunidades FI;0;1;ES0138253036;Gestifonsa SGIIC;6;-0,73;-0,36;-1,27;-1,8;1,82;-3,88;0,31;6,44;-2,49;5;;3151,63962;16,84355;3;12,92;0,16;0,1;0,17;2,25;0;0;0,13
-6,19;Fonalcalá FI;0;2;ES0138932035;Gesalcalá SGIIC;6;0,15;0,25;-0,34;-1,54;-0,74;-4,8;0,34;1,76;-0,64;2;;13043,64526;12,76263;2;5,78;0,12;-1,92;0,05;2;0;0;0,07
-6,2;Quality Valor FI;0;2;ES0114122031;BBVA Asset Management SGIIC;10000;0,22;0,1;0,06;-0,14;0,86;-2,16;-2,98;0,4;;2;;53131,35619;46,24946;;5,95;-0,49;;-0,25;1,25;0;0;0,1
-6,39;Eurovalor Mixto-70 FI;0;1;ES0133865032;Allianz Popular Asset Management SGIIC;600;0,75;1,9;1,48;0,54;3,49;-3,54;1,62;6,28;-0,25;1;;51811,85688;63,00897;2;10,17;0,2;-1,29;0,16;2,25;0;0;0
-6,59;Caja Ingenieros Global FI;1;1;ES0114988035;Caja Ingenieros Gestión SGIIC;500;-0,32;1,88;-1,36;-2;1,58;-3,18;6,69;10,41;3,41;3;;26742,33034;65,79731;3;11,49;0,66;-1,55;0,63;1,35;0;0;0,2
-6,74;Bankinter Mixto Flexible FI;0;1;ES0114877030;Bankinter Gestión de Activos SGIIC;500;0,41;2,42;1,4;1,3;2,65;-4,12;2,26;6,36;1,83;1;;31191,01533;127,2489;3;9,63;0,27;-0,75;0,21;1,6;0;0;0,15
-6,77;GVC Gaesco Patrimonialista A FI;0;4;ES0141114001;GVC Gaesco Gestión SGIIC;0;0,24;1,33;-0,06;-0,94;1,05;-4,38;1,05;3,34;;;;;67,5819;3;5,88;0,2;-2,59;0,09;2,25;0;0;0,1
-6,81;Gestión Multiperfil Agresivo FI;0;2;ES0125322042;Andbank Wealth Management SGIIC;1;0,37;1,06;-0,59;-1,73;2,4;-5,21;4,15;;;3;7;16858,69044;16,05143;4;9,63;0,48;-0,88;0,38;1,35;0;0;0,1
-6,82;Caja Ingenieros Iberian Equity FI;1;1;ES0122708037;Caja Ingenieros Gestión SGIIC;100;-1,17;-0,59;-1,96;-1,13;1,5;-2,29;1,27;6,95;-0,11;2;;6500,83119;20,79796;4;13,4;0,23;0,26;0,25;1,35;0;0;0,2
-6,83;Bankinter Eurostoxx 2018 Garantizado FI;0;2;ES0113815031;Bankinter Gestión de Activos SGIIC;500;0,37;0,87;0,42;-0,15;0,46;-4,52;1,15;;;;;;17,82829;;7,92;0,2;;0,13;1,4;0;5;0,1
-6,88;Boreas Cartera Activa R FI;0;2;ES0114902002;Tressis Gestión SGIIC;60;0,34;1,12;-1,12;-2,08;0,86;-5,7;2,07;4,89;;3;7;18917,28609;16,07339;3;9,6;0,29;-1,28;0,23;1,75;0;0;0,1
-6,97;Tramontana Retorno Absoluto Audaz FI;0;3;ES0179692001;GVC Gaesco Gestión SGIIC;0;2,53;3,74;0,74;-0,54;2,16;-3,14;;;;1;;68964,409;3,40014;;;;;;2,1;0;0;0,08
-6,98;Mistral Cartera Equilibrada R FI;0;2;ES0164103030;Tressis Gestión SGIIC;600;0,36;0,75;-0,52;-1,64;-0,46;-6,08;1,4;3,99;1,63;3;8;29751,66885;73,35224;3;6,36;0,28;-2,11;0,14;1,6;0;0;0,2
-7;BBVA Crecimiento Europa Diversificado II FI;0;1;ES0114128038;BBVA Asset Management SGIIC;600;0,13;0,56;0,95;0;-0,06;-5,09;0,35;;;;;;41,03377;;6,06;0,14;;0,07;1,54;0;5;0,05
-7,05;Welzia Flexible 10 FI;0;1;ES0184684035;Welzia Management SGIIC;100;1,16;1,64;0,36;-1,09;-0,68;-4,9;-1,36;2,12;-1,13;2;;21082,61649;13,57295;1;7,26;-0,2;-2,52;-0,13;0,9;0;0;0,08
-7,06;Eurovalor Emergentes Empresas Europeas FI;0;1;ES0133612038;Allianz Popular Asset Management SGIIC;600;0;0,36;-1,99;-3,45;3,13;-3,07;1,99;;;3;;27529,89113;6,73149;3;13,06;0,27;-0,37;0,29;2,25;0;0;0
-7,14;Welzia Crecimiento 15 FI;0;1;ES0184676031;Welzia Management SGIIC;100;1,85;3,17;1,08;-1,5;-0,37;-4,72;0,32;4,9;-1,27;2;;14605,79993;37,30796;2;10,77;0,04;-1,38;0,03;0,9;0;0;0,08
-7,14;Santander Small Caps Europa FI;0;1;ES0107987036;Santander Asset Management SGIIC;300;0,37;0,15;-3,09;-2,73;-0,4;-6,51;4,62;12,64;3,58;6;;2621,61046;195,76333;3;13,88;0,45;-0,36;0,51;2,1;0;0;0,1
-7,16;atl Capital Quant 5 FI;0;1;ES0111052009;Atl 12 Capital Gestión SGIIC;10;0,19;-0,28;0,32;-0,6;-3,87;-7,71;-2,11;;;;;;7,47634;;6;-0,34;;-0,17;1;0;0;0,1
-7,35;BBVA Rentabilidad Europa Garantizado FI;0;1;ES0108934003;BBVA Asset Management SGIIC;600;0,42;0,72;0,24;-0,4;-0,75;-5,44;0,66;;;;;;12,749;;7,5;0,11;;0,07;1,14;0;5;0,05
-7,39;atl Capital Cartera Táctica FI;0;2;ES0111151009;Atl 12 Capital Gestión SGIIC;10;0,69;1,26;0,14;0,18;0,31;-4,96;0,36;3,2;;2;;16753,10659;8,62694;2;6,69;0,08;-1,54;0,04;1,35;0;0;0,1
-7,4;BBVA Rentabilidad Europa Garantizado II FI;0;1;ES0114142039;BBVA Asset Management SGIIC;600;1,05;1,47;1,13;0,58;0,5;-4,83;1,86;;;;;;139,7142;;8,15;0,22;;0,15;1,06;0;5;0,05